1,"https://securepubads.g.doubleclick.net/gampad/ads?gdfp_req=1&pvsid=2114544367194343&correlator=2785720901216513&output=ldjh&callback=googletag.impl.pubads.callbackProxy1&impl=fifs&adsid=NT&pucrd=CgYgASgBOAF4Aw&jar=2019-10-02-00&eid=21062833%2C21064569&vrg=2019092602&guci=2.2.0.0.2.2.0.0&plat=1%3A256%2C2%3A256%2C8%3A256&sc=1&sfv=1-0-35&ecs=20191002&iu_parts=21669719482%2CTT_LB&enc_prev_ius=%2F0%2F1&prev_iu_szs=970x90%7C970x66%7C728x90&eri=1&cookie_enabled=1&cdm=widgets.tree.com&bc=31&abxe=1&lmt=1569979717&dt=1569979717158&dlt=1569979693443&idt=161&ea=0&frm=24&biw=-12245933&bih=-12245933&isw=356&ish=57&oid=3&adxs=-9&adys=-9&adks=4234279728&ucis=lc9r4ns90aup&ifi=1&ifk=392622742&u_tz=-240&u_his=2&u_h=768&u_w=1366&u_ah=728&u_aw=1366&u_cd=24&u_nplug=3&u_nmime=4&u_sd=1&flash=0&nhd=1&iag=3&url=https%3A%2F%2Fwidgets.tree.com%2Fwidget%2F5bbcee9cc41b5300018c719d&ref=https%3A%2F%2Fwww.cnn.com%2F&top=https%3A%2F%2Fwww.cnn.com%2F&dssz=9&icsg=168&std=0&vis=1&dmc=8&scr_x=-12245933&scr_y=-12245933&psz=0x-1&msz=0x-1&ga_vid=119388480.1569979717&ga_sid=1569979717&ga_hid=275880142&fws=2&ohw=0",securepubads.g.doubleclick.net,-1,-0.0009765625,text/plain
2,"https://securepubads.g.doubleclick.net/gpt/pubads_impl_rendering_2019092602.js",securepubads.g.doubleclick.net,-1,-0.0009765625,text/javascript
3,"https://tpc.googlesyndication.com/safeframe/1-0-35/html/container.html?n=1",tpc.googlesyndication.com,-1,-0.0009765625,text/html
4,"https://dt.adsafeprotected.com/dt?anId=925660&asId=5b0c886f-f29f-620d-deb8-2f5864589c97&tv={c:pPgNzf,pingTime:15,time:16221,type:p,clog:[{piv:100,vs:i,r:,w:970,h:250,t:384}],es:0,sc:1,ha:1,gm:1,slTimes:{i:16221,o:0,n:0,pp:0,pm:0},slEvents:[{sl:i,t:383,wc:0.0.1280.950,ac:147.27.970.250,am:i,cc:147.27.970.250,piv:100,obst:0,th:0,reas:,bkn:{piv:[15893~100],as:[15893~970.250]}}],slEventCount:1,em:true,fr:true,e:,tt:jload,dtt:52,fm:rDHAPw4+11|12|1311|1312|131311|131312|131313|1314|14|15|16|17|18|19|1a*.925660|1a1|1a2|1a3|1a4|1b.925660|1b1|1b21|1b3|1b4|1c.925660|1c1|1d.925660|1d1|1d2|1d3|1d4|1e.925660|1e1|1e21|1e3|1e4|1f|1g|1h,idMap:1a*,rend:1,renddet:DIV.qs.sn,rmeas:1}&br=c",dt.adsafeprotected.com,-1,-0.0009765625,image/gif
5,"https://c.amazon-adsystem.com/e/dtb/bid?src=3159&u=https%3A%2F%2Fwww.cnn.com%2F&pid=6865730808861569979692208&cb=8759387148911569979717772&ws=1280x950&v=7.36.03&t=1150&slots=%5B%7B%22sd%22%3A%22ad_bnr_atf_01%22%2C%22s%22%3A%5B%22970x250%22%2C%22970x90%22%5D%7D%2C%7B%22sd%22%3A%22ad_rect_atf_01%22%2C%22s%22%3A%5B%22300x250%22%5D%7D%2C%7B%22sd%22%3A%22ad_rect_btf_02%22%2C%22s%22%3A%5B%22300x250%22%5D%7D%2C%7B%22sd%22%3A%22ad_rect_btf_03%22%2C%22s%22%3A%5B%22300x600%22%2C%22300x250%22%5D%7D%5D&pj=%7B%22si_section%22%3A%22CNN%2Fhomepage%22%2C%22apse%22%3A%7B%22chunkRequests%22%3Afalse%2C%22shouldCFRoute%22%3Atrue%2C%22shouldSampleLatency%22%3Afalse%7D%7D&cfgv=2&gdprl=%7B%22status%22%3A%22no-cmp%22%7D",c.amazon-adsystem.com,-1,-0.0009765625,text/javascript
6,"https://bidder.criteo.com/cdb?ptv=73&profileId=184&cb=8943493979",bidder.criteo.com,-1,-0.0009765625,application/json
7,"https://as-sec.casalemedia.com/cygnus?v=7.2&s=258632&fn=headertag.IndexExchangeHtb.adResponseCallback&r=%7B%22id%22%3A3200255%2C%22site%22%3A%7B%22page%22%3A%22https%3A%2F%2Fwww.cnn.com%2F%22%7D%2C%22imp%22%3A%5B%7B%22banner%22%3A%7B%22w%22%3A300%2C%22h%22%3A250%2C%22topframe%22%3A1%7D%2C%22ext%22%3A%7B%22sid%22%3A%2234%22%2C%22siteID%22%3A%22265035%22%7D%2C%22id%22%3A%221%22%7D%2C%7B%22banner%22%3A%7B%22w%22%3A728%2C%22h%22%3A90%2C%22topframe%22%3A1%7D%2C%22ext%22%3A%7B%22sid%22%3A%226%22%2C%22siteID%22%3A%22265007%22%7D%2C%22id%22%3A%222%22%7D%2C%7B%22banner%22%3A%7B%22w%22%3A970%2C%22h%22%3A250%2C%22topframe%22%3A1%7D%2C%22ext%22%3A%7B%22sid%22%3A%227%22%2C%22siteID%22%3A%22265008%22%7D%2C%22id%22%3A%223%22%7D%2C%7B%22banner%22%3A%7B%22w%22%3A970%2C%22h%22%3A90%2C%22topframe%22%3A1%7D%2C%22ext%22%3A%7B%22sid%22%3A%228%22%2C%22siteID%22%3A%22265009%22%7D%2C%22id%22%3A%224%22%7D%2C%7B%22banner%22%3A%7B%22w%22%3A300%2C%22h%22%3A100%2C%22topframe%22%3A1%7D%2C%22ext%22%3A%7B%22sid%22%3A%2251%22%2C%22siteID%22%3A%22326313%22%7D%2C%22id%22%3A%225%22%7D%2C%7B%22banner%22%3A%7B%22w%22%3A300%2C%22h%22%3A250%2C%22topframe%22%3A1%7D%2C%22ext%22%3A%7B%22sid%22%3A%2223%22%2C%22siteID%22%3A%22265024%22%7D%2C%22id%22%3A%226%22%7D%2C%7B%22banner%22%3A%7B%22w%22%3A970%2C%22h%22%3A250%2C%22topframe%22%3A1%7D%2C%22ext%22%3A%7B%22sid%22%3A%224%22%2C%22siteID%22%3A%22265005%22%7D%2C%22id%22%3A%227%22%7D%2C%7B%22banner%22%3A%7B%22w%22%3A970%2C%22h%22%3A90%2C%22topframe%22%3A1%7D%2C%22ext%22%3A%7B%22sid%22%3A%225%22%2C%22siteID%22%3A%22265006%22%7D%2C%22id%22%3A%228%22%7D%5D%2C%22ext%22%3A%7B%22source%22%3A%22ixwrapper%22%7D%2C%22user%22%3A%7B%22eids%22%3A%5B%7B%22source%22%3A%22adserver.org%22%2C%22uids%22%3A%5B%7B%22id%22%3A%2277bd0202-221f-43f0-8066-dbc2b3411dbb%22%2C%22ext%22%3A%7B%22rtiPartner%22%3A%22TDID%22%7D%7D%2C%7B%22id%22%3A%22TRUE%22%2C%22ext%22%3A%7B%22rtiPartner%22%3A%22TDID_LOOKUP%22%7D%7D%2C%7B%22id%22%3A%222019-09-02T01%3A25%3A27%22%2C%22ext%22%3A%7B%22rtiPartner%22%3A%22TDID_CREATED_AT%22%7D%7D%5D%7D%5D%7D%7D",as-sec.casalemedia.com,-1,-0.0009765625,text/javascript
8,"https://px.moatads.com/pixel.gif?e=21&q=0&yco=0&yt=0&xco=0&xt=0&hp=1&wf=0&vb=12&kq=1&lo=1&uk=null&pk=1&wk=1&rk=1&tk=0&qs=1&ak=-&i=TURNERDFP1&ud=0&qn=%604%7BZEYwoqI%24%5BK%2BdLLU)%2CMm~tM!90vv9L%24%2FoDb%2Fz(lKm3GFlNUU%2Cu%5Bh_GcS%25%5BHvLU%5B4(K%2B%7BgeFWl_%3DNqUXR%3A%3D%2BAxMn%3Ch%2CyenA8p%2FHm%24%60%233P(ry5*ZRocMp1tq%5BN%7Bq%60RP%3CG.ceFW%7CoG%22mxT%3Bwv%40V374BKm55%3D%261fp%5BoU5t)3R*%3Ce%23V%3E%23hEjrXPe31k5X%5BG%5E%5B)%2C2iVSX%3C_Y%7B!7IQ3HbmUZzCFm%5Du!x29&qp=10000&is=hBBnjB7GsBpgqkPY2CEBsCybBqw776Kqi7gBooCvBOCiCOB6sCqGBgiBBs0fW0glMfcxnBBBkB0BYBny6BsNBmB0ziw7pCr6yC6rO24xXmYyBdfEC2BBKcEjzmBktCP97GBBBGwRmmEBBBBBBBBBBBnaBW35CeFaBBBpx0OFiBBBT5392tavKc5KCdzzFs7nBBBBBBBBRcQyRBBBCpjOyBBBBBBBBTLF6GfC6Jn7O0EYkCBB0IofRfBBPCxB76BbjtBbjBC0dL9TRhq8K55G96Lo0eIRTzBiqeuSBBBBBB&iv=7&qt=0&gz=0&hh=0&hn=0&tw=ZL%7C).oE!CT&qc=0&qd=0&qf=1280&qe=950&qh=1366&qg=728&qm=240&qa=1280&qb=950&qi=1280&qj=950&po=1-0020002000002120&vy=ot%24b%5Bh%40%22oDgO%3DLlE6%3Avy%2CUitwbYF%3EeRy6%3A0%3FeS%22%5Bby%3Fa0CR%23J%3B%2Bt.Nm!_vVM%24Y7%2561oA%3CuJ%3BO*zDRd%40IU%5B.%22%24b_o%3FtVD%5D%5BpN%7CQF%40Sy7%7BA&ql=%3B%5BpwxnRd%7Dt%3Aal9EU%22y%2F.D%5B5%2F%5BGI%3Fi6%5EB61%2F%3DSqcMr1%7B%2CTu9LJJ(a.P%2B)s1(uA&qo=0&qr=0&vf=1&vg=74&bq=0&g=16&hq=0&hs=0&hu=0&hr=0&ht=1&dnt=0&h=250&w=970&fy=0&gp=0&zGSRC=1&gu=https%3A%2F%2Fwww.cnn.com%2F&id=1&cm=11&f=0&j=&t=1569979698745&de=595656163697&cu=1569979698745&m=19214&ar=0b3fb4a610-clean&iw=d9c05b1&cb=0&ym=0&ll=2&lm=0&ln=1&r=0&dl=0&dn=71&gh=1&xx=undefined%3A875484570224&td=1&lk=undefined&lb=4938&le=1&lf=1462&lg=0&lh=569&gm=1&io=1&ch=0&vv=1&vw=1%3A3%3A0&vp=100&vx=100%3A100%3A-&as=1&ag=18220&an=15291&gi=1&gf=18220&gg=15291&ix=18220&ic=18220&ez=1&ck=1303&kw=579&aj=1&pg=100&pf=100&ib=0&cc=1&bw=18220&bx=15291&ci=1303&jz=579&dj=1&aa=1&ad=17346&cn=14417&gn=1&gk=17346&gl=14417&ik=17346&co=1199&cp=1436&cq=1&im=1&in=1&pd=1&nb=1&el=1&em=0&en=1&st=1&su=1&of=1&oz=1&oe=1%3A1%3A0%3Anull%3A-1%3Anull%3A-1%3Anull%3A-1&bu=18353&cd=15216&ah=18353&am=15216&rf=0&re=1&ft=14707&fv=11778&fw=385&wb=2&ap=267&az=8001&ba=8001&be=6908&bf=866&cl=1&at=1&d=47685637%3A2246738598%3A4579976368%3A112442013157&bo=%2F8663477%2FCNN%2Fhomepage&bp=52063237&bd=bnr_atf_01&zMoatPS=bnr_atf_01&zMoatAltSL=zMoatAdUnit1%3AzMoatAdUnit2%3AzMoatPS&gw=turner763610601596&zMoatOrigSlicer1=%2F8663477%2FCNN%2Fhomepage&zMoatOrigSlicer2=52063237&dfp=0%2C4&la=52063237&zMoatMGV_MAX=na&zMoatMMV_MAX=na&zMoatHT=250&zMoatWD=970&zMoatCURL=cnn.com&zMoatDev=Desktop&zMoatPLATFORM=desktop&zMoatRetail=true&zMoatPSB=bnr_atf_01&zMoatAdUnitRetail=true&gptMoat_pos=bnr_atf_01&hv=findIframeAds&ab=2&ac=1&fd=1&kt=strict&it=500&fz=1&oq=1&ot=ff&zMoatJS=3%3A-&ti=0&ih=1&tc=0&fs=171337&na=1813663195&cs=0",px.moatads.com,-1,-0.0009765625,image/gif
9,"https://ml314.com/imsync.ashx?pi=5978151503745998750&data=eyJwaCI6MCwid2giOjAsInRicyI6MCwiZHQiOjEzLCJwaWQiOiIxNTY5OTc5Njk5MDEzX2dlc2VreTMyYiJ9",ml314.com,-1,-0.0009765625,text/html
10,"https://simage4.pubmatic.com/AdServer/SPug?partnerID=156512&gdpr=0&gdpr_consent=",simage4.pubmatic.com,-1,-0.0009765625,text/plain
11,"https://simage4.pubmatic.com/AdServer/SPug?partnerID=156512&gdpr=0&gdpr_consent=",simage4.pubmatic.com,-1,-0.0009765625,text/plain
12,"https://securepubads.g.doubleclick.net/gampad/ads?gdfp_req=1&pvsid=163641067587923&correlator=1164974328341362&output=ldjh&callback=googletag.impl.pubads.callbackProxy3&impl=fifs&adsid=NT&pucrd=CgYgASgBOAF4Aw&jar=2019-10-02-00&eid=21064579%2C21062421%2C21064170%2C21064581&vrg=2019092602&tfcd=0&guci=2.2.0.0.2.2.0.0&plat=1%3A67108864%2C2%3A67108864%2C8%3A67108864&sc=1&sfv=1-0-35&ecs=20191002&iu_parts=8663477%2CCNN%2Chomepage%2Clanding%2Cpushdown%2Csuper-ad-zone&enc_prev_ius=%2F0%2F1%2F2%2F3%2F4%2C%2F0%2F1%2F2%2C%2F0%2F1%2F2%2C%2F0%2F1%2F2%2C%2F0%2F1%2F2%2F3%2F5%2C%2F0%2F1%2F2%2C%2F0%2F1%2F2%2C%2F0%2F1%2F2%2C%2F0%2F1%2F2%2C%2F0%2F1%2F2%2C%2F0%2F1%2F2&prev_iu_szs=1x1%7C1x2%2C320x50%7C1100x300%7C1100x90%7C970x250%7C970x90%7C970x66%7C1x2%7C1x1%2C300x250%7C1x2%2C300x100%7C1x2%2C970x250%7C970x90%7C970x66%7C728x90%7C1x2%7C1x1%2C300x252%7C300x250%7C1x2%2C1x2%7C1x1%2C1x2%7C1x1%2C1x2%2C200x60%7C300x25%7C300x35%7C320x35%2C200x60%7C300x25%7C300x35&fluid=0%2Cheight%2C0%2C0%2C0%2C0%2C0%2C0%2C0%2C0%2C0&rcs=1%2C1%2C1%2C1%2C1%2C1%2C1%2C1%2C1%2C1%2C1&ists=24&prevtoss=0_0_0_0_0_0_0_0_0_0_0&prev_scp=pos%3Dbnr_atf_02%7Cpos%3Dbnr_atf_01%26id%3D8542d86d-e4b3-11e9-a5d0-00259086c3b0%26hb_format_rubicon%3Dbanner%26hb_source_rubicon%3Dclient%26hb_size_rubicon%3D970x250%26hb_pb_rubicon%3D0.01%26hb_adid_rubicon%3D165518472cd7c5b%26hb_bidder_rubicon%3Drubicon%26hb_db_rubicon%3Dtier0001%26amzniid%3DIhJcUzsoiKEYaEFLWnL8i7MAAAFtihLQmwEAAAxXAVbgBiM%26amznsz%3D970x250%26amznp%3D9az1fk%26amznbid%3D4l5xxc%7Cpos%3Drect_atf_01%26strnativekey%3Dip41puWjSByvmnuMmvcdnQhP%26id%3D8542d86e-e4b3-11e9-a5d0-00259086c3b0%26vw%3D40%2C50%26hb_format_rubicon%3Dbanner%26hb_source_rubicon%3Dclient%26hb_size_rubicon%3D300x250%26hb_pb_rubicon%3D0.39%26hb_adid_rubicon%3D176d6080ca4a043%26hb_bidder_rubicon%3Drubicon%26hb_db_rubicon%3Dtier0030%26amzniid%3DItgbRVgmgoX1AdT1oEJNp7UAAAFtihLQnQEAAAxXAXgB2d0%26amznsz%3D300x250%26amznp%3D9az1fk%26amznbid%3D3w6ygw%26crt_pb%3D0.15%26crt_bidid%3Dmfkwtu%7Cpos%3Dnfs_btf_01%7Cpos%3Dbnr_btf_01%26IOM%3D970x90_5%26ix_id%3D_Abbs8jx9%7Cpos%3Drect_btf_02%26id%3D8542d86f-e4b3-11e9-a5d0-00259086c3b0%26hb_format_rubicon%3Dbanner%26hb_source_rubicon%3Dclient%26hb_size_rubicon%3D300x250%26hb_pb_rubicon%3D0.01%26hb_adid_rubicon%3D149e2e0594f3751%26hb_bidder_rubicon%3Drubicon%26hb_db_rubicon%3Dtier0001%26amzniid%3DIh7AfWiy4ecIkLkJMJXi6-4AAAFtihLQnQEAAAxXASlgbyg%26amznsz%3D300x250%26amznp%3D9az1fk%26amznbid%3D18yiv40%26crt_pb%3D0.06%26crt_bidid%3Dcecqdt%7Cpos%3Doop_skin_01%7Cpos%3Doop_float_01%7Cpos%3Dnat_btf_02%26strnativekey%3DxdpGkipvNtJ8cUVYEie8oiGd%7Cpos%3Dmod%26spec%3Dcnn_money_markets%2Ccnn_money_markets%7Cpos%3Dmod%26spec%3Dspace_and_science%2Cspace_and_science&eri=1&cust_params=hbg%3DUS%26iom_geo%3DUS%26transId%3D15699796928458043914179868%26guid%3D5d93fc8708578e0a3f80fa00142185a6%26ksg%3D%26cep_brsf%3D%26cep_iabt%3D%26cep_sent%3D%26cep_tags%3D%26fr%3Dfalse%26adt%3DveryLow%26alc%3DveryLow%26dlm%3DveryLow%26drg%3DveryLow%26hat%3DveryLow%26off%3DveryLow%26vio%3DveryLow%26protocol%3Dssl%26refdom%3Dother%26spec%3D5_things_to_know%26pageload%3Dref&cookie=ID%3D15262c89eae6e3fd%3AT%3D1569979531%3AS%3DALNI_MZWHuNPXnd6cArAnG-tP_y0I6ZTIw&cookie_enabled=1&bc=31&abxe=1&lmt=1569979718&dt=1569979718399&dlt=1569979690660&idt=3449&frm=20&biw=1263&bih=950&oid=3&adxs=-12245933%2C-12245933%2C-12245933%2C-12245933%2C-12245933%2C-12245933%2C-12245933%2C-12245933%2C-12245933%2C-12245933%2C-12245933&adys=-12245933%2C-12245933%2C-12245933%2C-12245933%2C-12245933%2C-12245933%2C-12245933%2C-12245933%2C-12245933%2C-12245933%2C-12245933&adks=1113343234%2C626961633%2C3648208585%2C2349220868%2C972100027%2C1219401475%2C1745213093%2C2831922974%2C282550617%2C1219089773%2C4147567842&ucis=n%7Co%7Cp%7Cq%7Cr%7Cs%7Ct%7Cu%7Cv%7Cw%7Cx&ifi=14&u_tz=-240&u_his=2&u_h=950&u_w=1280&u_ah=950&u_aw=1280&u_cd=24&u_nplug=3&u_nmime=4&u_sd=1&flash=0&url=https%3A%2F%2Fwww.cnn.com%2F&dssz=101&icsg=1125831187427328&std=0&vis=1&dmc=8&scr_x=0&scr_y=0&psz=1349x0%7C1349x-1%7C353x0%7C353x0%7C1349x0%7C353x0%7C0x0%7C1349x0%7C161x0%7C0x0%7C0x0&msz=1x0%7C1100x-1%7C300x250%7C300x100%7C970x250%7C300x252%7C0x0%7C1x2%7C1x2%7C200x60%7C200x60&ga_vid=1933641674.1569979696&ga_sid=1569979696&ga_hid=157906097&fws=132%2C644%2C132%2C132%2C132%2C132%2C132%2C132%2C132%2C132%2C132&ohw=1263%2C1263%2C353%2C353%2C1263%2C353%2C0%2C1263%2C1100%2C1100%2C1100",securepubads.g.doubleclick.net,-1,-0.0009765625,text/plain
13,"https://as-sec.casalemedia.com/headerstats?s=258632&u=https%3A%2F%2Fwww.cnn.com%2F&v=3",as-sec.casalemedia.com,-1,-0.0009765625,text/plain
14,"https://ads.pubmatic.com/AdServer/js/showad.js",ads.pubmatic.com,0,0.0,text/html
15,"https://image6.pubmatic.com/AdServer/PugMaster?kdntuid=1&rnd=85847432&p=156512&s=0&a=0&ptask=ALL&np=0&fp=0&mpc=0&spug=1&coppa=0&gdpr=0&gdpr_consent=&sec=1",image6.pubmatic.com,-1,-0.0009765625,text/html
16,"https://ping.chartbeat.net/ping?h=cnn.com&p=%2F&u=Bx5hfM6dwTdCF69FA&d=cnn.com&g=37612&g0=No%20Section&g1=No%20Author&n=1&f=00001&c=0.25&x=0&m=0&y=4817&o=1263&w=950&j=30&R=0&W=1&I=0&E=9&e=9&r=&b=13051&t=BA_hpoD45MVfDUEh1LDjjnlHC56LlP&V=116&tz=240&sn=2&sv=DPNGXqCcS7MiD5aNtfG7NDVBfjDcS&sd=1&im=067b2ff3&_",ping.chartbeat.net,-1,-0.0009765625,image/gif
17,"https://as-sec.casalemedia.com/cygnus?v=7.2&s=258632&fn=headertag.IndexExchangeHtb.adResponseCallback&r=%7B%22id%22%3A25810293%2C%22site%22%3A%7B%22page%22%3A%22https%3A%2F%2Fwww.cnn.com%2F%22%7D%2C%22imp%22%3A%5B%7B%22banner%22%3A%7B%22w%22%3A300%2C%22h%22%3A250%2C%22topframe%22%3A1%7D%2C%22ext%22%3A%7B%22sid%22%3A%2234%22%2C%22siteID%22%3A%22265035%22%7D%2C%22id%22%3A%221%22%7D%2C%7B%22banner%22%3A%7B%22w%22%3A728%2C%22h%22%3A90%2C%22topframe%22%3A1%7D%2C%22ext%22%3A%7B%22sid%22%3A%226%22%2C%22siteID%22%3A%22265007%22%7D%2C%22id%22%3A%222%22%7D%2C%7B%22banner%22%3A%7B%22w%22%3A970%2C%22h%22%3A250%2C%22topframe%22%3A1%7D%2C%22ext%22%3A%7B%22sid%22%3A%227%22%2C%22siteID%22%3A%22265008%22%7D%2C%22id%22%3A%223%22%7D%2C%7B%22banner%22%3A%7B%22w%22%3A970%2C%22h%22%3A90%2C%22topframe%22%3A1%7D%2C%22ext%22%3A%7B%22sid%22%3A%228%22%2C%22siteID%22%3A%22265009%22%7D%2C%22id%22%3A%224%22%7D%2C%7B%22banner%22%3A%7B%22w%22%3A300%2C%22h%22%3A100%2C%22topframe%22%3A1%7D%2C%22ext%22%3A%7B%22sid%22%3A%2251%22%2C%22siteID%22%3A%22326313%22%7D%2C%22id%22%3A%225%22%7D%2C%7B%22banner%22%3A%7B%22w%22%3A300%2C%22h%22%3A250%2C%22topframe%22%3A1%7D%2C%22ext%22%3A%7B%22sid%22%3A%2223%22%2C%22siteID%22%3A%22265024%22%7D%2C%22id%22%3A%226%22%7D%2C%7B%22banner%22%3A%7B%22w%22%3A970%2C%22h%22%3A250%2C%22topframe%22%3A1%7D%2C%22ext%22%3A%7B%22sid%22%3A%224%22%2C%22siteID%22%3A%22265005%22%7D%2C%22id%22%3A%227%22%7D%2C%7B%22banner%22%3A%7B%22w%22%3A970%2C%22h%22%3A90%2C%22topframe%22%3A1%7D%2C%22ext%22%3A%7B%22sid%22%3A%225%22%2C%22siteID%22%3A%22265006%22%7D%2C%22id%22%3A%228%22%7D%5D%2C%22ext%22%3A%7B%22source%22%3A%22ixwrapper%22%7D%2C%22user%22%3A%7B%22eids%22%3A%5B%7B%22source%22%3A%22adserver.org%22%2C%22uids%22%3A%5B%7B%22id%22%3A%2277bd0202-221f-43f0-8066-dbc2b3411dbb%22%2C%22ext%22%3A%7B%22rtiPartner%22%3A%22TDID%22%7D%7D%2C%7B%22id%22%3A%22TRUE%22%2C%22ext%22%3A%7B%22rtiPartner%22%3A%22TDID_LOOKUP%22%7D%7D%2C%7B%22id%22%3A%222019-09-02T01%3A25%3A27%22%2C%22ext%22%3A%7B%22rtiPartner%22%3A%22TDID_CREATED_AT%22%7D%7D%5D%7D%5D%7D%7D",as-sec.casalemedia.com,-1,-0.0009765625,text/javascript
18,"https://securepubads.g.doubleclick.net/pcs/view?xai=AKAOjstjz_WLqIs4U5iUuFv0BQvB-JUWCIbTrjfts5-Tt91tYKyJoDmgrRFrWTmnEwlijITfxwcz0ASGNXEvQw9YfkDmqLIRDXDni4J5gwGbqScS2WWT9O5YsFYczxPuWUsPY5jS9cvSTltST4zQNeOPnezJov7kBj4gMomFGrGxqUEWohyIEftzOxSxhM9jQnaASBfHzMYsTxz4A8fHninNejllKP4sXTNcAaxGFA3F-iGVnjmJWAFacb0KYOborAMU9Ylu&sig=Cg0ArKJSzDHjwKnZmlGdEAE&urlfix=1&adurl=",securepubads.g.doubleclick.net,-1,-0.0009765625,image/gif
19,"https://www.googletagservices.com/activeview/js/current/osd_listener.js?cache=r20110914",www.googletagservices.com,0,0.0,text/javascript
20,"https://z.moatads.com/turner763610601596/moatad.js",z.moatads.com,0,0.0,application/x-javascript
21,"https://securepubads.g.doubleclick.net/pcs/view?xai=AKAOjsvkpn9AdikKE2Bk5htpwWzpi4G7aoiXRWML01NEEXfySa9HkqqUvYW6G-QZYKqXFWFp092tSrCagUesswcpr8miethqetiN2K4WQWzQTHQXKiRPxAE75uDvSr9NjJjH3Z-I9JZMclPRI-hXGNT-T19cElxVPS6a1issonaKcT-FgQUfu-vvZFh2zwSlMgGZ0XLfaEZnsZVlfVsDcUR8HZB4js3Qzt-qS3L790LnK2dENPBdyVGrEGNRXX8Bkw_3QZrE&sig=Cg0ArKJSzGScIx5L6NTUEAE&urlfix=1&adurl=",securepubads.g.doubleclick.net,-1,-0.0009765625,image/gif
22,"https://www.googletagservices.com/activeview/js/current/osd_listener.js?cache=r20110914",www.googletagservices.com,0,0.0,text/javascript
23,"https://z.moatads.com/turner763610601596/moatad.js",z.moatads.com,0,0.0,application/x-javascript
24,"https://securepubads.g.doubleclick.net/gampad/ads?gdfp_req=1&pvsid=2114544367194343&correlator=359066525789714&output=ldjh&callback=googletag.impl.pubads.callbackProxy2&impl=fifs&adsid=NT&pucrd=CgYgASgBOAF4Aw&jar=2019-10-02-00&eid=21062833%2C21064569%2C21064503&vrg=2019092602&guci=2.2.0.0.2.2.0.0&plat=1%3A67109120%2C2%3A67109120%2C8%3A67109120&sc=1&sfv=1-0-35&ecs=20191002&iu_parts=21669719482%2CTT_LB&enc_prev_ius=%2F0%2F1&prev_iu_szs=970x90%7C970x66%7C728x90&rcs=1&eri=1&cookie=ID%3D1fba95c1b3350dae%3AT%3D1569979552%3AS%3DALNI_MbDAdCp4xbTj5soNSMKXnr7htmeSg&cookie_enabled=1&cdm=widgets.tree.com&bc=31&abxe=1&lmt=1569979719&dt=1569979719134&dlt=1569979693443&idt=161&ea=0&frm=24&biw=-12245933&bih=-12245933&isw=353&ish=57&oid=3&adxs=-9&adys=-9&adks=4234279728&ucis=z57kmuh715y2&ifi=3&ifk=392656723&u_tz=-240&u_his=2&u_h=768&u_w=1366&u_ah=728&u_aw=1366&u_cd=24&u_nplug=3&u_nmime=4&u_sd=1&flash=0&nhd=1&iag=3&url=https%3A%2F%2Fwidgets.tree.com%2Fwidget%2F5bbcee9cc41b5300018c719d&ref=https%3A%2F%2Fwww.cnn.com%2F&top=https%3A%2F%2Fwww.cnn.com%2F&dssz=10&icsg=2216&std=0&vis=1&dmc=8&scr_x=-12245933&scr_y=-12245933&psz=0x-1&msz=0x-1&ga_vid=119388480.1569979717&ga_sid=1569979717&ga_hid=275880142&fws=2&ohw=0",securepubads.g.doubleclick.net,-1,-0.0009765625,text/plain
25,"https://securepubads.g.doubleclick.net/pcs/view?xai=AKAOjsvY_tuqquZNGdDl9aI1G7BzZ4eOZo0GDmL2wNTcBDwbqrOUJZq0o5Kw6QB_zkoL8Ut8KK-tivYFp4ztqZIPqeXokltkkua3A6U7E92SupHcxZHDhp8lancnIuhB48dysmnRUFD62PoES7hoc5ufCm37vsw6KJuSo3apZogdt9q9O8fD_rbor85WG0KOsNy4NzDGj2jRt4bc5Z-W4UDi2jdhZAn5F6WCHlIFbZIUC261vwhb8JMxkxCIqIgsI-8qur95&sig=Cg0ArKJSzELFdnTV-xQoEAE&urlfix=1&adurl=",securepubads.g.doubleclick.net,-1,-0.0009765625,image/gif
26,"https://www.googletagservices.com/activeview/js/current/osd_listener.js?cache=r20110914",www.googletagservices.com,0,0.0,text/javascript
27,"https://z.moatads.com/turner763610601596/moatad.js",z.moatads.com,0,0.0,application/x-javascript
28,"https://tpc.googlesyndication.com/pagead/imgad?id=CICAgKDH6_PegQEQARgBMgicRfcgxv916w",tpc.googlesyndication.com,0,0.0,image/jpeg
29,"https://pagead2.googlesyndication.com/pagead/gen_204?id=gpt_sz&r=320x50%7C1100x300%7C1100x90%7C970x250%7C970x90%7C970x66%7C1x2%7C1x1&w=970&h=250",pagead2.googlesyndication.com,-1,-0.0009765625,image/gif
30,"https://googleads4.g.doubleclick.net/pcs/view?xai=AKAOjsvSRSzKnlBmyFL_ih24Qswi8uJO3P43iqYBLD7WT3qpRwG4JYVAT1F5TIvdutfym_J3R5ODn38EofPkSUiasPv1lhoJvEscnvWWZMhzbhThHcOD0Xvuc3cYV9cLJhcXu01HwWBzfDhTqpFpflodjahNs4OZzL6xYhWH_OZ4iQGD7r5nyxeZRyM874kZYNA2MQ2aUBg3YA_UglByHxvgrki9yIaYWoUkfofJpn7caPHaX2bE2xRzFQ9OAmrsK4e7GWEyTJ5cYMSW4Zs87tOYFru8bU-LvmB7KTEn8t2jJvVLQ_4Yy0nvPVUVp7QHfzmcnSL3Vczq3s5zXY7KmiWLXng0Uxd5oDKwh3u0&sig=Cg0ArKJSzDFCcHGQSWGqEAE&urlfix=1&adurl=",googleads4.g.doubleclick.net,-1,-0.0009765625,image/gif
31,"https://cdn.doubleverify.com/dvtp_src.js?ctx=13311291&cmp=3742524&sid=1866912&plc=250283093&num=&adid=&advid=2276943&adsrv=1&btreg=446701530&btadsrv=doubleclick&crt=116590334&crtname=&chnl=&unit=&pid=&uid=&tagtype=&dvtagver=6.1.src",cdn.doubleverify.com,-1,-0.0009765625,application/javascript
32,"https://tpc.googlesyndication.com/sodar/UFYwWwmt.js",tpc.googlesyndication.com,0,0.0,text/javascript
33,"https://www.googletagservices.com/activeview/js/current/osd_listener.js?cache=r20110914",www.googletagservices.com,0,0.0,text/javascript
34,"https://z.moatads.com/turner763610601596/moatad.js",z.moatads.com,0,0.0,application/x-javascript
35,"https://s0.2mdn.net/2276943/adc_AUT_More_Possibilities_728x90_static_V3.jpg",s0.2mdn.net,-1,-0.0009765625,image/jpeg
36,"https://securepubads.g.doubleclick.net/pcs/view?xai=AKAOjsu__Zwa_HYDkzH-wzDJHKaQMvbStIQrdWgOqO6kQ8jHS8KCfgSkikc2PfSTFBmq2uQkqfAJSSvaZUY7EcwN1bHIx1b1q3u4gkhKAJv4d_oOYnpER_dsxEbz8CHEui-WKoDF9rGuR9-J3RtgoGVAt_eDnaJ1W9Io5sAK-uCKarmqbyv_hOfBNNr-e-ztwKPCjqsAIqrYkZOPS7O0JP9KKPVtnkdoxj7dZpnq3YEBIzDv7ytum4v0pvNgESN8El7sbMrj&sig=Cg0ArKJSzHbqe2qiQJVhEAE&urlfix=1&adurl=",securepubads.g.doubleclick.net,-1,-0.0009765625,image/gif
37,"https://www.googletagservices.com/activeview/js/current/osd_listener.js?cache=r20110914",www.googletagservices.com,0,0.0,text/javascript
38,"https://z.moatads.com/turner763610601596/moatad.js",z.moatads.com,0,0.0,application/x-javascript
39,"https://securepubads.g.doubleclick.net/gampad/ads?gdfp_req=1&pvsid=163641067587923&correlator=1164974328341362&output=ldjh&callback=googletag.impl.pubads.callbackProxy4&impl=fifs&adsid=NT&pucrd=CgYgASgBOAF4Aw&jar=2019-10-02-00&eid=21064579%2C21062421%2C21064170%2C21064581&vrg=2019092602&tfcd=0&guci=2.2.0.0.2.2.0.0&plat=1%3A67108864%2C2%3A67108864%2C8%3A67108864&sc=1&sfv=1-0-35&ecs=20191002&iu_parts=8663477%2CCNN%2Chomepage%2Clanding%2Cpushdown%2Csuper-ad-zone&enc_prev_ius=%2F0%2F1%2F2%2F3%2F4%2C%2F0%2F1%2F2%2C%2F0%2F1%2F2%2C%2F0%2F1%2F2%2C%2F0%2F1%2F2%2F3%2F5%2C%2F0%2F1%2F2%2C%2F0%2F1%2F2%2C%2F0%2F1%2F2%2C%2F0%2F1%2F2%2C%2F0%2F1%2F2%2C%2F0%2F1%2F2&prev_iu_szs=1x1%7C1x2%2C320x50%7C1100x300%7C1100x90%7C970x250%7C970x90%7C970x66%7C1x2%7C1x1%2C300x250%7C1x2%2C300x100%7C1x2%2C970x250%7C970x90%7C970x66%7C728x90%7C1x2%7C1x1%2C300x252%7C300x250%7C1x2%2C1x2%7C1x1%2C1x2%7C1x1%2C1x2%2C200x60%7C300x25%7C300x35%7C320x35%2C200x60%7C300x25%7C300x35&fluid=0%2Cheight%2C0%2C0%2C0%2C0%2C0%2C0%2C0%2C0%2C0&rcs=2%2C2%2C2%2C2%2C2%2C2%2C2%2C2%2C2%2C2%2C2&ists=24&prevtoss=0_0_0_0_0_0_0_0_0_0_0&prev_scp=pos%3Dbnr_atf_02%7Cpos%3Dbnr_atf_01%26id%3D8542d86d-e4b3-11e9-a5d0-00259086c3b0%26hb_format_rubicon%3Dbanner%26hb_source_rubicon%3Dclient%26hb_size_rubicon%3D970x250%26hb_pb_rubicon%3D0.01%26hb_adid_rubicon%3D165518472cd7c5b%26hb_bidder_rubicon%3Drubicon%26hb_db_rubicon%3Dtier0001%7Cpos%3Drect_atf_01%26strnativekey%3Dip41puWjSByvmnuMmvcdnQhP%26id%3D8542d86e-e4b3-11e9-a5d0-00259086c3b0%26vw%3D40%2C50%26hb_format_rubicon%3Dbanner%26hb_source_rubicon%3Dclient%26hb_size_rubicon%3D300x250%26hb_pb_rubicon%3D0.39%26hb_adid_rubicon%3D176d6080ca4a043%26hb_bidder_rubicon%3Drubicon%26hb_db_rubicon%3Dtier0030%26crt_pb%3D0.15%26crt_bidid%3Dmfkwtu%7Cpos%3Dnfs_btf_01%7Cpos%3Dbnr_btf_01%7Cpos%3Drect_btf_02%26id%3D8542d86f-e4b3-11e9-a5d0-00259086c3b0%26hb_format_rubicon%3Dbanner%26hb_source_rubicon%3Dclient%26hb_size_rubicon%3D300x250%26hb_pb_rubicon%3D0.01%26hb_adid_rubicon%3D149e2e0594f3751%26hb_bidder_rubicon%3Drubicon%26hb_db_rubicon%3Dtier0001%26crt_pb%3D0.06%26crt_bidid%3Dcecqdt%7Cpos%3Doop_skin_01%7Cpos%3Doop_float_01%7Cpos%3Dnat_btf_02%26strnativekey%3DxdpGkipvNtJ8cUVYEie8oiGd%7Cpos%3Dmod%26spec%3Dcnn_money_markets%2Ccnn_money_markets%7Cpos%3Dmod%26spec%3Dspace_and_science%2Cspace_and_science&eri=1&cust_params=hbg%3DUS%26iom_geo%3DUS%26transId%3D15699796928458043914179868%26guid%3D5d93fc8708578e0a3f80fa00142185a6%26ksg%3D%26cep_brsf%3D%26cep_iabt%3D%26cep_sent%3D%26cep_tags%3D%26fr%3Dfalse%26adt%3DveryLow%26alc%3DveryLow%26dlm%3DveryLow%26drg%3DveryLow%26hat%3DveryLow%26off%3DveryLow%26vio%3DveryLow%26protocol%3Dssl%26refdom%3Dother%26spec%3D5_things_to_know%26pageload%3Dref&cookie=ID%3D15262c89eae6e3fd%3AT%3D1569979531%3AS%3DALNI_MZWHuNPXnd6cArAnG-tP_y0I6ZTIw&cookie_enabled=1&bc=31&abxe=1&lmt=1569979719&dt=1569979719372&dlt=1569979690660&idt=3449&frm=20&biw=1263&bih=950&oid=3&adxs=-12245933%2C82%2C828%2C828%2C147%2C828%2C-12245933%2C-12245933%2C-12245933%2C-12245933%2C-12245933&adys=-12245933%2C12%2C1073%2C1354%2C1995%2C2116%2C-12245933%2C-12245933%2C-12245933%2C-12245933%2C-12245933&adks=1113343234%2C626961633%2C3648208585%2C2349220868%2C972100027%2C1219401475%2C1745213093%2C2831922974%2C282550617%2C1219089773%2C4147567842&ucis=19%7C1a%7C1b%7C1c%7C1d%7C1e%7C1f%7C1g%7C1h%7C1i%7C1j&ifi=26&u_tz=-240&u_his=2&u_h=950&u_w=1280&u_ah=950&u_aw=1280&u_cd=24&u_nplug=3&u_nmime=4&u_sd=1&flash=0&url=https%3A%2F%2Fwww.cnn.com%2F&dssz=101&icsg=1125831187427328&std=0&vis=1&dmc=8&scr_x=0&scr_y=0&psz=1349x0%7C1349x-1%7C353x0%7C353x0%7C1349x0%7C353x0%7C0x0%7C1349x0%7C161x0%7C0x0%7C0x0&msz=1x0%7C1100x-1%7C300x250%7C300x100%7C970x250%7C300x252%7C0x0%7C1x2%7C1x2%7C200x60%7C200x60&ga_vid=1933641674.1569979696&ga_sid=1569979696&ga_hid=157906097&fws=132%2C516%2C4%2C4%2C4%2C4%2C132%2C132%2C132%2C132%2C132&ohw=1263%2C1263%2C353%2C353%2C1263%2C353%2C0%2C1263%2C1100%2C1100%2C1100",securepubads.g.doubleclick.net,-1,-0.0009765625,text/plain
40,"https://aax-us-east.amazon-adsystem.com/e/dtb/admi?b=IhJcUzsoiKEYaEFLWnL8i7MAAAFtihLQmwEAAAxXAVbgBiM&rnd=3945486817411569979719082&pp=4l5xxc&p=9az1fk",aax-us-east.amazon-adsystem.com,1717,1.6767578125,text/html
41,"https://c.amazon-adsystem.com/bao-csm/direct/csm_others.js",c.amazon-adsystem.com,0,0.0,application/javascript
42,"https://aax-us-east.amazon-adsystem.com/e/dtb/admi?b=ItgbRVgmgoX1AdT1oEJNp7UAAAFtihLQnQEAAAxXAXgB2d0&rnd=3995054288611569979719125&pp=3w6ygw&p=9az1fk",aax-us-east.amazon-adsystem.com,4676,4.56640625,text/html
43,"https://c.amazon-adsystem.com/bao-csm/direct/csm_others.js",c.amazon-adsystem.com,0,0.0,application/javascript
44,"https://as-sec.casalemedia.com/headerstats?s=258632&u=https%3A%2F%2Fwww.cnn.com%2F&v=3",as-sec.casalemedia.com,-1,-0.0009765625,text/plain
45,"https://aax-us-east.amazon-adsystem.com/e/dtb/admi?b=Ih7AfWiy4ecIkLkJMJXi6-4AAAFtihLQnQEAAAxXASlgbyg&rnd=5640706594221569979719266&pp=18yiv40&p=9az1fk",aax-us-east.amazon-adsystem.com,48056,46.9296875,text/html
46,"https://c.amazon-adsystem.com/bao-csm/direct/csm_others.js",c.amazon-adsystem.com,0,0.0,application/javascript
47,"https://m.media-amazon.com/images/G/01/shazam/2019-q3-us-ea-fundamentals-kitchhen-970x250-1UJs5._V436423389_.jpg",m.media-amazon.com,-1,-0.0009765625,image/jpeg
48,"https://m.media-amazon.com/images/G/01/dacx/build/DACXImageTemplate/Image.bundle-ecbb63c2e24c73d08bdb2816cd160af3669a5df7._V1_.js",m.media-amazon.com,-1,-0.0009765625,application/javascript
49,"https://aax-us-east.amazon-adsystem.com/e/dtb/imp?b=IhJcUzsoiKEYaEFLWnL8i7MAAAFtihLQmwEAAAxXAVbgBiM&pp=4l5xxc&isip=1",aax-us-east.amazon-adsystem.com,43,0.0419921875,image/gif
50,"https://c.amazon-adsystem.com/csm_view_only.js",c.amazon-adsystem.com,0,0.0,application/javascript
51,"https://cdn.doubleverify.com/dv-measurements285.js",cdn.doubleverify.com,-1,-0.0009765625,x-unknown
52,"https://tpc.googlesyndication.com/sodar/Enqz_20U.html",tpc.googlesyndication.com,0,0.0,text/html
53,"https://m.media-amazon.com/images/I/01RtczleRbL.js",m.media-amazon.com,0,0.0,text/javascript
54,"https://m.media-amazon.com/images/I/01UrB70s1OL.js",m.media-amazon.com,0,0.0,text/javascript
55,"https://m.media-amazon.com/images/I/01TLAHI9aJL.js",m.media-amazon.com,0,0.0,text/javascript
56,"https://m.media-amazon.com/images/I/01F4lxVQeiL.js",m.media-amazon.com,0,0.0,text/javascript
57,"https://m.media-amazon.com/images/I/01LQJlboUnL.js",m.media-amazon.com,0,0.0,text/javascript
58,"https://m.media-amazon.com/images/I/01mqrKfg1tL.js",m.media-amazon.com,0,0.0,text/javascript
59,"https://m.media-amazon.com/images/I/21rilxL-aWL.js",m.media-amazon.com,0,0.0,text/javascript
60,"https://m.media-amazon.com/images/I/01rx7xVgrmL.js",m.media-amazon.com,0,0.0,application/x-javascript
61,"https://m.media-amazon.com/images/I/01FJLMyKpoL.js",m.media-amazon.com,0,0.0,text/javascript
62,"https://m.media-amazon.com/images/I/01tG3STA19L.js",m.media-amazon.com,0,0.0,application/x-javascript
63,"https://m.media-amazon.com/images/I/01MlKk2nOlL.js",m.media-amazon.com,0,0.0,text/javascript
64,"https://m.media-amazon.com/images/I/01VrGdvfEDL.js",m.media-amazon.com,0,0.0,text/javascript
65,"https://m.media-amazon.com/images/I/01SltqCbldL.js",m.media-amazon.com,0,0.0,text/javascript
66,"https://m.media-amazon.com/images/I/11274nfhFhL.js",m.media-amazon.com,0,0.0,text/javascript
67,"https://m.media-amazon.com/images/I/01YfPUC+v2L.js",m.media-amazon.com,0,0.0,text/javascript
68,"https://m.media-amazon.com/images/I/019ng+KxL3L.js",m.media-amazon.com,0,0.0,text/javascript
69,"https://m.media-amazon.com/images/I/01dWG9UJDlL.js",m.media-amazon.com,0,0.0,text/javascript
70,"https://m.media-amazon.com/images/I/113bSKhACdL.js",m.media-amazon.com,0,0.0,text/javascript
71,"https://m.media-amazon.com/images/I/01D4a0pB6eL.js",m.media-amazon.com,0,0.0,text/javascript
72,"https://m.media-amazon.com/images/I/01mMQa4fS5L.js",m.media-amazon.com,0,0.0,text/javascript
73,"https://m.media-amazon.com/images/I/01Ydfh1g6yL.js",m.media-amazon.com,0,0.0,text/javascript
74,"https://m.media-amazon.com/images/I/013W8rcgGxL.js",m.media-amazon.com,0,0.0,text/javascript
75,"https://m.media-amazon.com/images/I/41-I35-LkjL.png",m.media-amazon.com,0,0.0,image/png
76,"https://m.media-amazon.com/images/I/11HUQF9DiZL.png",m.media-amazon.com,0,0.0,image/png
77,"https://aax-us-east.amazon-adsystem.com/e/dtb/imp?b=ItgbRVgmgoX1AdT1oEJNp7UAAAFtihLQnQEAAAxXAXgB2d0&pp=3w6ygw&isip=1",aax-us-east.amazon-adsystem.com,43,0.0419921875,image/gif
78,"https://c.amazon-adsystem.com/csm_view_only.js",c.amazon-adsystem.com,0,0.0,application/javascript
79,"https://cdn.ampproject.org/rtv/011909181902540/amp4ads-host-v0.js",cdn.ampproject.org,-1,-0.0009765625,text/javascript
80,"https://cdn.ampproject.org/rtv/011909181902540/amp4ads-v0.js",cdn.ampproject.org,-1,-0.0009765625,text/javascript
81,"https://cdn.ampproject.org/rtv/011909181902540/v0/amp-ad-exit-0.1.js",cdn.ampproject.org,-1,-0.0009765625,text/javascript
82,"https://cdn.ampproject.org/rtv/011909181902540/v0/amp-analytics-0.1.js",cdn.ampproject.org,-1,-0.0009765625,text/javascript
83,"https://cdn.ampproject.org/rtv/011909181902540/v0/amp-fit-text-0.1.js",cdn.ampproject.org,-1,-0.0009765625,text/javascript
84,"https://cdn.ampproject.org/rtv/011909181902540/v0/amp-form-0.1.js",cdn.ampproject.org,-1,-0.0009765625,text/javascript
85,"https://tpc.googlesyndication.com/simgad/11546848423289051357?sqp=4sqPyQQ7QjkqNxABHQAAtEIgASgBMAk4A0DwkwlYAWBfcAKAAQGIAQGdAQAAgD-oAQGwAYCt4gS4AV_FAS2ynT4&rs=AOga4qlOb7xfuHK1C5oUpsHpbIqQVxCvig",tpc.googlesyndication.com,-1,-0.0009765625,image/png
86,"https://tpc.googlesyndication.com/pagead/images/adchoices/en.png",tpc.googlesyndication.com,-1,-0.0009765625,image/png
87,"https://tpc.googlesyndication.com/pagead/images/adchoices/icon.png",tpc.googlesyndication.com,-1,-0.0009765625,image/png
88,"https://www.google.com/ads/measurement/l?ebcid=ALh7CaRto9FvVPf01WjaA8JNGEswupVujAdLYEi3r31GeXcNljlzclUnzpTxmUA9Cl9_G53sP66s58iTqz1L-ttAI-ujZec_8g",www.google.com,-1,-0.0009765625,text/html
89,"https://securepubads.g.doubleclick.net/pagead/adview?ai=CSDSeovyTXc6EK4XAhQac6bjIA8ethKxWgo3NkZwKoIeA7JACEAEgmt3kH2DJ_rGKpKTEEaAB9NzqigPIAQLgAgCoAwHIAwiqBLoBT9CGBPlkj_Sk1p8aKTFh7kSSdCyQCHL2beylXFS-G-prqE7qR7hcwWhmLLfR7AoTf6uJGDeZQmY-VUBYFEvjtgj8IrEBMuyoaIEwwTY_YInrrJ37k7jEQ0kaR8Sp1mXCyloKRZPvM5jUAZc030dpw6RgYiMjN4ickUIjUS5v-SxIb2b0aSCG16YiW6kb97LZlza90XBOGAcyr2VTLzPJDb1sIYxmNKKCevYAFzrjzRn0wHBpVp8IXtg1wATkpqSjnQLgBAGSBQQIBBgBkgUECAUYBKAGAoAH9KKVdagHjs4bqAfVyRuoB8HTG6gHhdQbqAeB1BuoB4LUG6gHhtQbqAeE1BuoB5PYG6gH4NMbqAe6BqgH2csbqAfPzBuoB6a-G9gHAfIHBBCN93fSCAcIgGEQARgdgAoD2BMM&sigh=fnJt7m8BPYI&tpd=AGWhJmtJTxEAs_dd4J_Lyy1vMnGDGSrWPT6XIMZ1kZkQT9f7Kg",securepubads.g.doubleclick.net,-1,-0.0009765625,text/html
90,"https://dra.amazon-adsystem.com/event/csm?arid=DIy-RyoGnIMfx0FnN3nZKQ&abid=2BtFWCaChfUB1PWgQk2ntQ&hsi=01018ce192aaae669ec961a6fb8326685542408fd7cc2fe8e9d077472d267007d1ec&hci=01019138f99d8f09077c60032f1aced1d75a89ddaf54a0b0c998426a794e17fc8b00&prts=1569979555111&rst=bCj0OZzD-BDYA3k6t6FOCuVnjU8&ev=%7B%22viewportSize%22%3A%220x0%22%2C%22navigationStartTime%22%3A1569979719910%2C%22clientStartTime%22%3A1569979720067%2C%22clientEndTime%22%3A1569979721090%2C%22navigationType%22%3A0%2C%22navigationRedirectCount%22%3A0%2C%22clientProtocol%22%3A%22https%3A%22%2C%22inQuirksMode%22%3Atrue%7D",dra.amazon-adsystem.com,-1,-0.0009765625,text/plain
91,"https://dra.amazon-adsystem.com/event/csi?arid=DIy-RyoGnIMfx0FnN3nZKQ&abid=2BtFWCaChfUB1PWgQk2ntQ&hsi=01018ce192aaae669ec961a6fb8326685542408fd7cc2fe8e9d077472d267007d1ec&hci=01019138f99d8f09077c60032f1aced1d75a89ddaf54a0b0c998426a794e17fc8b00&prts=1569979555111&rst=bCj0OZzD-BDYA3k6t6FOCuVnjU8&ev=%7B%22type%22%3A%22performanceTiming%22%2C%22performanceTiming%22%3A%7B%22navigationStart%22%3A1569979719910%2C%22unloadEventStart%22%3A0%2C%22unloadEventEnd%22%3A0%2C%22redirectStart%22%3A0%2C%22redirectEnd%22%3A0%2C%22fetchStart%22%3A1569979719913%2C%22domainLookupStart%22%3A1569979719913%2C%22domainLookupEnd%22%3A1569979719913%2C%22connectStart%22%3A1569979719913%2C%22connectEnd%22%3A1569979719913%2C%22secureConnectionStart%22%3A0%2C%22requestStart%22%3A1569979719921%2C%22responseStart%22%3A1569979719976%2C%22responseEnd%22%3A1569979719988%2C%22domLoading%22%3A1569979720067%2C%22domInteractive%22%3A1569979720821%2C%22domContentLoadedEventStart%22%3A1569979720822%2C%22domContentLoadedEventEnd%22%3A1569979720822%2C%22domComplete%22%3A1569979721090%2C%22loadEventStart%22%3A1569979721099%2C%22loadEventEnd%22%3A1569979721105%7D%7D",dra.amazon-adsystem.com,-1,-0.0009765625,text/plain
92,"https://cdn.ampproject.org/rtv/011909181902540/amp4ads-v0.js",cdn.ampproject.org,0,0.0,text/javascript
93,"https://cdn.ampproject.org/rtv/011909181902540/v0/amp-ad-exit-0.1.js",cdn.ampproject.org,0,0.0,text/javascript
94,"https://cdn.ampproject.org/rtv/011909181902540/v0/amp-analytics-0.1.js",cdn.ampproject.org,0,0.0,text/javascript
95,"https://cdn.ampproject.org/rtv/011909181902540/v0/amp-fit-text-0.1.js",cdn.ampproject.org,0,0.0,text/javascript
96,"https://cdn.ampproject.org/rtv/011909181902540/v0/amp-form-0.1.js",cdn.ampproject.org,0,0.0,text/javascript
97,"https://tpc.googlesyndication.com/pagead/images/adchoices/en.png",tpc.googlesyndication.com,0,0.0,image/png
98,"https://tpc.googlesyndication.com/pagead/images/adchoices/icon.png",tpc.googlesyndication.com,0,0.0,image/png
99,"https://securepubads.g.doubleclick.net/pcs/view?xai=AKAOjsu-1DQHjmy8OhdBvmKpRGEM9qRzWHyfWJxaSs1OeGrNU06Y3VpQS-aSWNBHBAarH99e7BmFnhBy62pN_-nx3_t636zUH2fED37QugPIT5ROEnnMFYbCv4o-poH-3Fd4WKXp3Hhnk8NgWBr5E5Ll6p4vPgzKYdd2GfZlNBqljRKSQ923Dc_44-mQIxJs9WUhm6bAeK1f3w5uq2FYwwiA3RbQ9j0aAz3B6IVzbynYe3uD9Xz_kfwX3mJH2ibrMZNG1xoa&sig=Cg0ArKJSzDNR2WvRBWF3EAE&urlfix=1&adurl=",securepubads.g.doubleclick.net,-1,-0.0009765625,image/gif
100,"https://www.googletagservices.com/activeview/js/current/osd_listener.js?cache=r20110914",www.googletagservices.com,0,0.0,text/javascript
101,"https://z.moatads.com/turner763610601596/moatad.js",z.moatads.com,0,0.0,application/x-javascript
102,"https://securepubads.g.doubleclick.net/pcs/view?xai=AKAOjssTihMjuUxBHCjIP0fNCveB-SqRXJNqETbcI2Vfs9Eh31x35m6ffxhuL9jSbHs6m_5KoNCxlUemeOAcnHEbbGQzxmTBGClEe2IM2C636poIEFWHY_eCAkvi8y6coQO0oG0LDlXDg-6w8VEtfwwmE_6jZGUVN6OMoKlyxMlS6pKjbkdMzK8DgW6kQuUXPNFLQ-Nbr5DlQ9iDD2GPK6WXCgBejfUCRby_tc0hvoUhKniBzdpYsdOXiGVdWRDgMBNdGMHnuc1CRk-4_HTm_Uyr6ao97aNBSQ&sig=Cg0ArKJSzDebuJ_DynHXEAE&adurl=",securepubads.g.doubleclick.net,-1,-0.0009765625,image/gif
103,"https://tpc.googlesyndication.com/pagead/js/r20190925/r20110914/client/window_focus.js",tpc.googlesyndication.com,-1,-0.0009765625,text/javascript
104,"https://www.googletagservices.com/activeview/js/current/osd_listener.js?cache=r20110914",www.googletagservices.com,0,0.0,text/javascript
105,"https://images-na.ssl-images-amazon.com/images/G/01/dacx/js/react-bundle-16.4.0.min._V1_.js",images-na.ssl-images-amazon.com,0,0.0,application/x-javascript
106,"https://c.amazon-adsystem.com/csm_view_only.js",c.amazon-adsystem.com,0,0.0,application/javascript
107,"https://z.moatads.com/turner763610601596/moatad.js",z.moatads.com,0,0.0,application/x-javascript
108,"https://securepubads.g.doubleclick.net/pcs/view?xai=AKAOjstQX3vrMP3qRpod6Ii-nhtMb_Fd2acCIEAnoBvqcX5hKyT-uBSc_GSVCW5hNbk1jcxNW1nd3cCJJn8KCA3KdoFenKesKme0X8hizv1Te12lfFquDeo4hIl1svpAeAYYPKVy1UGNeXyTKjN0LWeVbdTFUS1uPIhjau7JTRRF-9J8tI1DQPCFRkQgziC2yRJWeC7pwxkpTIvPpdgQm3DEICNGX548Leug2vvpPsqU09_smhJRA91jFwJY8LV9KoUt4YoM&sig=Cg0ArKJSzO2DOP3kH-rVEAE&urlfix=1&adurl=",securepubads.g.doubleclick.net,-1,-0.0009765625,image/gif
109,"https://i.cdn.turner.com/ads/adspaces/CNN/2019/09/18/243577062/LisaLing_Series_S6_Premiere_300x250_Html5TC_10p/index.html?clickMacro=https://adclick.g.doubleclick.net/pcs/click%253Fxai%253DAKAOjssi7GqwIuDzLzjYy6phbgaLHx2XJaP8jNb4u_eCAfkTKTfzWfls2JkM3bLtcXxj5P22Swxl9zM01MlchTAONxQdZ2yvawka_nduCx93eIQUDCG0C71yVX2sG-yLpXv6uQnA-hTkr6vnNXuZDspUL7wHgEJ5huNt8SHJgUy8iqaJmue3Rna9zquOxjBYs2RgN4CzsYbc9Dg6AO2QzzwD2x-_atlmjRSrQYpAOUEDEQu6SzTole7fxicXZtY%2526sig%253DCg0ArKJSzOjUVc2MjZrsEAE%2526urlfix%253D1%2526adurl%253D&clickTag=https://www.cnncreativemarketing.com/project/thisislife/",i.cdn.turner.com,-1,-0.0009765625,text/html
110,"https://www.googletagservices.com/activeview/js/current/osd_listener.js?cache=r20110914",www.googletagservices.com,0,0.0,text/javascript
111,"https://z.moatads.com/turner763610601596/moatad.js",z.moatads.com,0,0.0,application/x-javascript
112,"https://tpc.googlesyndication.com/simgad/13704545989354201196",tpc.googlesyndication.com,-1,-0.0009765625,image/gif
113,"https://securepubads.g.doubleclick.net/pagead/adview?ai=CYaE4ovyTXc-EK4XAhQac6bjIA7S56c1YrZKCh7UJCxABIJrd5B9gyf6xiqSkxBGgAerribsDyAED4AIAqAMByAMIqgTDAU_QcNSfPX79LW7ijSSDB3B2_0jRb2hMWA0Eof1CX76wfrLChmb8w9UjSMgMYPL25EZY6cyb-NmEmMi8wbQ0QqhqM7HQFKIPZxFkWoL78zsHrm9nLHB66U2CbnPhwR-KbvEeLI-UsWRZl1PbSaqUoGzb2PsYaa9xu2tbvzdpC4-jBGG4Z0Gooh86TIQymPLLPaUst7VKGXly7yhU98zqo28EA1yP0OvATHdPwX-MQ6xBgwChfMIzgrdw8-Ah3aVWB59QmMAEs9rcseoB4AQBkgUECAQYAZIFBAgFGASSBQQIBRgYkgUFCAUYqAGgBgOAB_6T9kSoB47OG6gH1ckbqAfB0xuoB4XUG6gHgdQbqAeC1BuoB4bUG6gHhNQbqAeT2BuoB-DTG6gHugaoB9nLG6gHz8wbqAemvhvYBwHyBwQQtNEf0ggHCIBhEAEYHYAKA9gTDA&sigh=C5nCOhSBg_k&tpd=AGWhJmv5Im4OlUlrPVwPPL1nUTDTS--2kIQAPKoN_drJ5imEsQ",securepubads.g.doubleclick.net,-1,-0.0009765625,text/html
114,"https://tpc.googlesyndication.com/pagead/imgad?id=CICAgKDnk93J9wEQARgBMgiOfzXNJQFvDA",tpc.googlesyndication.com,-1,-0.0009765625,image/jpeg
115,"https://tpc.googlesyndication.com/simgad/13378498144858113483",tpc.googlesyndication.com,-1,-0.0009765625,image/jpeg
116,"https://www.google.com/ads/measurement/l?ebcid=ALh7CaRyrzm_HRdVx4q1ljcRcXajK3WBjggNmNlULiu-Ya2Vl9z5-v8K3nyly4OZ5lXaXkJryn3LUqd9Z73r9uzIyezsdEXCVQ",www.google.com,-1,-0.0009765625,text/html
117,"https://s0.2mdn.net/ads/studio/Enabler.js",s0.2mdn.net,-1,-0.0009765625,text/javascript
118,"https://securepubads.g.doubleclick.net/pcs/view?xai=AKAOjstQX3vrMP3qRpod6Ii-nhtMb_Fd2acCIEAnoBvqcX5hKyT-uBSc_GSVCW5hNbk1jcxNW1nd3cCJJn8KCA3KdoFenKesKme0X8hizv1Te12lfFquDeo4hIl1svpAeAYYPKVy1UGNeXyTKjN0LWeVbdTFUS1uPIhjau7JTRRF-9J8tI1DQPCFRkQgziC2yRJWeC7pwxkpTIvPpdgQm3DEICNGX548Leug2vvpPsqU09_smhJRA91jFwJY8LV9KoUt4YoM&sig=Cg0ArKJSzO2DOP3kH-rVEAE&urlfix=1&adurl=https://s.cdn.turner.com/ads/1x1.gif",securepubads.g.doubleclick.net,-1,-0.0009765625,text/html
119,"https://s.cdn.turner.com/ads/1x1.gif",s.cdn.turner.com,-1,-0.0009765625,image/gif
120,"https://pixel.adsafeprotected.com/jload?anId=925660&campId=300x100&pubId=38386957&chanId=52063237&placementId=5177566754&pubCreative=138289200053&pubOrder=2602439021&cb=1391344768&adsafe_par&impId=&custom=nfs_btf_01&custom2=&custom3=",pixel.adsafeprotected.com,-1,-0.0009765625,application/javascript
121,"https://pixel.adsafeprotected.com/jload?anId=925660&campId=970x250&pubId=38386957&chanId=71171677&placementId=5177566745&pubCreative=138287920741&pubOrder=2602439021&cb=382100399&adsafe_par&impId=&custom=bnr_btf_01&custom2=&custom3=",pixel.adsafeprotected.com,-1,-0.0009765625,application/javascript
122,"https://pixel.adsafeprotected.com/jload?anId=925660&campId=300x250&pubId=38386957&chanId=52063237&placementId=5177566760&pubCreative=138287785464&pubOrder=2602439021&cb=1831483734&adsafe_par&impId=8542d86f-e4b3-11e9-a5d0-00259086c3b0&custom=rect_btf_02&custom2=&custom3=",pixel.adsafeprotected.com,-1,-0.0009765625,application/javascript
123,"https://www.google.com/pagead/drt/ui",www.google.com,-1,-0.0009765625,text/html
124,"https://www.google.com/pagead/drt/ui",www.google.com,-1,-0.0009765625,text/html
125,"https://accounts.google.com/ServiceLogin?service=doritos&passive=true&go=true&continue=https://googleads.g.doubleclick.net/pagead/drt/si",accounts.google.com,-1,-0.0009765625,text/html
126,"https://accounts.google.com/ServiceLogin?service=doritos&passive=true&go=true&continue=https://googleads.g.doubleclick.net/pagead/drt/si",accounts.google.com,-1,-0.0009765625,text/html
127,"https://googleads.g.doubleclick.net/pagead/drt/si?pli=1&auth=oweR9slfiDkkqR4osbUTw0_sJdypI6h9oNfkOEYPn7PzDVOusYghhBRPxYgMjz9jVi64dw.",googleads.g.doubleclick.net,-1,-0.0009765625,text/html
128,"https://static.adsafeprotected.com/main.19.8.18.js",static.adsafeprotected.com,0,0.0,application/javascript
129,"https://static.adsafeprotected.com/main.19.8.18.js",static.adsafeprotected.com,0,0.0,application/javascript
130,"https://static.adsafeprotected.com/main.19.8.18.js",static.adsafeprotected.com,0,0.0,application/javascript
131,"https://googleads.g.doubleclick.net/pagead/drt/si?pli=1&auth=oweR9irJgYRJU--l8j9WV22TlzoNuyEUjwNaWpjLtnEboCXgcZpg2lnrWsGqkTsiHlJCag.",googleads.g.doubleclick.net,-1,-0.0009765625,text/html
132,"https://static.adsafeprotected.com/sca.17.4.95.js",static.adsafeprotected.com,0,0.0,application/javascript
133,"https://pixel.adsafeprotected.com/mon?anId=925660&campId=300x100&pubId=38386957&chanId=52063237&placementId=5177566754&pubCreative=138289200053&pubOrder=2602439021&cb=1391344768&adsafe_par&impId=&custom=nfs_btf_01&custom2=&custom3=&adsafe_url=https%3A%2F%2Fwww.cnn.com%2F&adsafe_type=abdfq&adsafe_jsinfo=,id:aa6cf794-a006-912e-3e11-b544824ff8da,c:pPgP8S,sl:outOfView,em:true,fr:true,mn:app12dal,pt:1-5-15,wc:0.0.1280.950,ac:855.1354.300.100,am:i,cc:855.1354.300.100,piv:0,obst:0,th:0,reas:l,br:c,abv:na,an:n,scm:publ1.grpm1,fm:rDHAVfZ+11|12|1311|1312|131311|131312|131313|1314|14|15|16|17|18|19|1a|1b|1c|1d|1e11|1e12|1e13|1e14|1e15|1e16|1e17|1e18|1e19|1e1a|1e1b|1e1c|1e1d|1e1e|1e1f|1e1g|1e1h|1e1i|1e1j|1e1k|1e1l|1e1m|1f11|1g1|1h|1i|1j*.925660|1j1|1k1|1l1|1l2,idMap:1j*,pl:CV8L.VEBo.0YtC,rend:1,renddet:IMG.qs,rmeas:1,es:0,sc:1,ha:1,gm:1,tt:jload,thd:1,et:211,oid:9643912c-e4b3-11e9-b32d-0025904ea044,v:19.8.18,sp:1,wr:1280.950,sr:1280.950,ov:0",pixel.adsafeprotected.com,-1,-0.0009765625,image/gif
134,"https://static.adsafeprotected.com/sca.17.4.95.js",static.adsafeprotected.com,0,0.0,application/javascript
135,"https://pixel.adsafeprotected.com/mon?anId=925660&campId=970x250&pubId=38386957&chanId=71171677&placementId=5177566745&pubCreative=138287920741&pubOrder=2602439021&cb=382100399&adsafe_par&impId=&custom=bnr_btf_01&custom2=&custom3=&adsafe_url=https%3A%2F%2Fwww.cnn.com%2F&adsafe_type=abdfq&adsafe_jsinfo=,id:7f9714d9-5500-687a-3262-feacfa2cc1d3,c:pPgPdu,sl:outOfView,em:true,fr:true,mn:app22dal,pt:1-5-15,wc:0.0.1280.950,ac:147.1995.970.250,am:i,cc:147.1995.970.250,piv:0,obst:0,th:0,reas:l,br:c,abv:na,an:n,scm:publ1.grpm1,fm:rDHAVg8+11|12|1311|1312|131311|131312|131313|1314|14|15|16|17|18|19|1a|1b|1c|1d|1e11|1e12|1e13|1e14|1e15|1e16|1e17|1e18|1e19|1e1a|1e1b|1e1c|1e1d|1e1e|1e1f|1e1g|1e1h|1e1i|1e1j|1e1k|1e1l|1e1m|1f11|1g1|1h|1i|1j1|1j2|1k*.925660|1k1|1l1|1l2,idMap:1k*,pl:CV8L.VEBo.0YtC,rend:1,renddet:IMG.qs,rmeas:1,es:0,sc:1,ha:1,gm:1,tt:jload,thd:1,et:487,oid:9648c18c-e4b3-11e9-a5d0-00259086c3b0,v:19.8.18,sp:1,wr:1280.950,sr:1280.950,ov:0",pixel.adsafeprotected.com,-1,-0.0009765625,image/gif
136,"https://dt.adsafeprotected.com/dt?anId=925660&asId=7f9714d9-5500-687a-3262-feacfa2cc1d3&tv={c:pPgPdA,pingTime:-8,time:490,type:l,es:0,sc:1,ha:1,gm:1,slTimes:{i:0,o:491,n:0,pp:0,pm:0},slEvents:[{sl:o,t:482,wc:0.0.1280.950,ac:147.1995.970.250,am:i,cc:147.1995.970.250,piv:0,obst:0,th:0,reas:l,bkn:{piv:[124~0],as:[124~970.250]}}],slEventCount:1,em:true,fr:true,e:,tt:jload,dtt:0,fm:rDHAVg8+11|12|1311|1312|131311|131312|131313|1314|14|15|16|17|18|19|1a|1b|1c|1d|1e11|1e12|1e13|1e14|1e15|1e16|1e17|1e18|1e19|1e1a|1e1b|1e1c|1e1d|1e1e|1e1f|1e1g|1e1h|1e1i|1e1j|1e1k|1e1l|1e1m|1f11|1g1|1h|1i|1j1|1j2|1k*.925660|1k1|1l1|1l2,idMap:1k*,rend:1,renddet:IMG.qs,rmeas:1}&br=c",dt.adsafeprotected.com,-1,-0.0009765625,image/gif
137,"https://static.adsafeprotected.com/sca.17.4.95.js",static.adsafeprotected.com,0,0.0,application/javascript
138,"https://pixel.adsafeprotected.com/mon?anId=925660&campId=300x250&pubId=38386957&chanId=52063237&placementId=5177566760&pubCreative=138287785464&pubOrder=2602439021&cb=1831483734&adsafe_par&impId=8542d86f-e4b3-11e9-a5d0-00259086c3b0&custom=rect_btf_02&custom2=&custom3=&adsafe_url=https%3A%2F%2Fwww.cnn.com%2F&adsafe_type=abdfq&adsafe_jsinfo=,id:1e289a83-4b0f-73e7-f5ae-b08230db49cc,c:pPgPgd,sl:outOfView,em:true,fr:true,mn:app41dal,pt:1-5-15,wc:0.0.1280.950,ac:855.2276.300.250,am:i,cc:855.2276.300.250,piv:0,obst:0,th:0,reas:l,br:c,abv:na,an:n,scm:publ1.grpm1,fm:rDHAVgk+11|12|1311|1312|131311|131312|131313|1314|14|15|16|17|18|19|1a|1b|1c|1d|1e11|1e12|1e13|1e14|1e15|1e16|1e17|1e18|1e19|1e1a|1e1b|1e1c|1e1d|1e1e|1e1f|1e1g|1e1h|1e1i|1e1j|1e1k|1e1l|1e1m|1f11|1g1|1h|1i|1j1|1j2|1k1|1k2|1l*.925660|1l1|1l2,idMap:1l*,pl:CV8L.VEBo.0YtC,rend:1,renddet:XIFRAME.qs.dr,rmeas:1,es:0,sc:1,ha:1,gm:1,tt:jload,thd:1,et:644,oid:9648e844-e4b3-11e9-9709-70106fb512ec,v:19.8.18,sp:1,wr:1280.950,sr:1280.950,ov:0",pixel.adsafeprotected.com,-1,-0.0009765625,image/gif
139,"https://dt.adsafeprotected.com/dt?anId=925660&asId=aa6cf794-a006-912e-3e11-b544824ff8da&tv={c:pPgPgP,pingTime:-2,time:700,type:a,im:{sf:0,pom:1,prf:{beA:2056,beZ:2059,mfA:2137,cmA:2140,inA:2140,inZ:2157,prA:2157,prZ:2228,si:2267,poA:2269,poZ:2297,cmZ:2297,mfZ:2297,loA:2389,loZ:2396,ltA:2753,ltZ:2754,mdA:2060,mdZ:2066}},sca:{dfp:{df:4,sz:300.104,dom:body}},env:{gca:0},clog:[{piv:0,vs:o,r:l,w:300,h:100,t:207}],es:0,sc:1,ha:1,gm:1,slTimes:{i:0,o:701,n:0,pp:0,pm:0},slEvents:[{sl:o,t:206,wc:0.0.1280.950,ac:855.1354.300.100,am:i,cc:855.1354.300.100,piv:0,obst:0,th:0,reas:l,bkn:{piv:[609~0],as:[609~300.100]}}],slEventCount:1,em:true,fr:true,e:,tt:jload,dtt:0,fm:rDHAVfZ+11|12|1311|1312|131311|131312|131313|1314|14|15|16|17|18|19|1a|1b|1c|1d|1e11|1e12|1e13|1e14|1e15|1e16|1e17|1e18|1e19|1e1a|1e1b|1e1c|1e1d|1e1e|1e1f|1e1g|1e1h|1e1i|1e1j|1e1k|1e1l|1e1m|1f11|1g1|1h|1i|1j*.925660|1j1|1k1|1l1|1l2,idMap:1j*,pd:0YtC.internal-nacl-plugin,rend:1,renddet:IMG.qs,rmeas:1,slid:[google_ads_iframe_/8663477/CNN/homepage_2,google_ads_iframe_/8663477/CNN/homepage_2__container__,ad_nfs_btf_01,homepage2-zone-1],sinceFw:484,readyFired:true}&br=c",dt.adsafeprotected.com,-1,-0.0009765625,image/gif
140,"https://dt.adsafeprotected.com/dt?anId=925660&asId=7f9714d9-5500-687a-3262-feacfa2cc1d3&tv={c:pPgPj1,pingTime:-2,time:827,type:a,im:{sf:0,pom:1,prf:{beA:1882,beZ:1886,mfA:2226,cmA:2234,inA:2236,inZ:2270,prA:2271,prZ:2346,si:2369,poA:2375,poZ:2399,cmZ:2399,mfZ:2399,loA:2615,loZ:2624,ltA:2706,ltZ:2706,mdA:1887,mdZ:1892}},sca:{dfp:{df:4,sz:970.250,dom:div}},env:{gca:0},clog:[{piv:0,vs:o,r:l,w:970,h:250,t:483}],es:0,sc:1,ha:1,gm:1,slTimes:{i:0,o:827,n:0,pp:0,pm:0},slEvents:[{sl:o,t:482,wc:0.0.1280.950,ac:147.1995.970.250,am:i,cc:147.1995.970.250,piv:0,obst:0,th:0,reas:l,bkn:{piv:[460~0],as:[460~970.250]}}],slEventCount:1,em:true,fr:true,e:,tt:jload,dtt:0,fm:rDHAVg8+11|12|1311|1312|131311|131312|131313|1314|14|15|16|17|18|19|1a|1b|1c|1d|1e11|1e12|1e13|1e14|1e15|1e16|1e17|1e18|1e19|1e1a|1e1b|1e1c|1e1d|1e1e|1e1f|1e1g|1e1h|1e1i|1e1j|1e1k|1e1l|1e1m|1f11|1g1|1h|1i|1j1|1j2|1k*.925660|1k1|1l.925660|1l1|1l2,idMap:1k*,pd:VEBo.mhjfbmdgcfjbbpaeojofohoefgiehjai,rend:1,renddet:IMG.qs,rmeas:1,slid:[google_ads_iframe_/8663477/CNN/homepage/landing/super-ad-zone_0,google_ads_iframe_/8663477/CNN/homepage/landing/super-ad-zone_0__container__,ad_bnr_btf_01,homepage3-zone-1],sinceFw:330,readyFired:true}&br=c",dt.adsafeprotected.com,-1,-0.0009765625,image/gif
141,"https://dt.adsafeprotected.com/dt?anId=925660&asId=1e289a83-4b0f-73e7-f5ae-b08230db49cc&tv={c:pPgPjp,pingTime:-2,time:839,type:a,im:{sf:0,pom:1,prf:{beA:1622,beZ:1625,mfA:2147,cmA:2150,inA:2150,inZ:2172,prA:2172,prZ:2238,si:2266,poA:2267,poZ:2290,cmZ:2290,mfZ:2290,loA:2398,loZ:2406,ltA:2458,ltZ:2458,mdA:1626,mdZ:1632}},sca:{dfp:{df:4,sz:300.272,dom:body}},env:{gca:0},clog:[{piv:0,vs:o,r:l,w:300,h:250,t:641}],es:0,sc:1,ha:1,gm:1,slTimes:{i:0,o:840,n:0,pp:0,pm:0},slEvents:[{sl:o,t:640,wc:0.0.1280.950,ac:855.2276.300.250,am:i,cc:855.2276.300.250,piv:0,obst:0,th:0,reas:l,bkn:{piv:[303~0],as:[303~300.250]}}],slEventCount:1,em:true,fr:true,e:,tt:jload,dtt:0,fm:rDHAVg8+11|12|1311|1312|131311|131312|131313|1314|14|15|16|17|18|19|1a|1b|1c|1d|1e11|1e12|1e13|1e14|1e15|1e16|1e17|1e18|1e19|1e1a|1e1b|1e1c|1e1d|1e1e|1e1f|1e1g|1e1h|1e1i|1e1j|1e1k|1e1l|1e1m|1f11|1g1|1h|1i|1j1|1j2|1k.925660|1k1|1k2|1l*.925660|1l1|1l2,idMap:1l*,pd:0YtC.internal-nacl-plugin,rend:1,renddet:XIFRAME.qs.dr,rmeas:1,slid:[google_ads_iframe_/8663477/CNN/homepage_3,google_ads_iframe_/8663477/CNN/homepage_3__container__,ad_rect_btf_02,homepage3-zone-1],sinceFw:190,readyFired:true}&br=c",dt.adsafeprotected.com,-1,-0.0009765625,image/gif
142,"https://pagead2.googlesyndication.com/pcs/activeview?xai=AKAOjst2vYHZ2E5iEd-oLa0xXw0ckMWJ1-FN0cspUBNofWwTvzFQXm3fbFmicdVdvHXIRqfObsrgf9jpikowyVrRJGEcPRIVYqVXvUMC5e4nKzLGNIwO9Rs&sai=AMfl-YQf-3HWOp2RzRaCE7hk1ROzGMUzhtM6kpxD3KzdH-U3vJ2ohjNgAIg7oSyrzOB36UMRbKu2JwPIOWIAewqNed21pbVfUXNyc2w2naaP0xOrQrl4eIgWrsaZJhI&sig=Cg0ArKJSzKlMlkujbfPTEAE&cid=CAASEuRoW65gy8p07o49ws-1aqXYhg&id=ampim&o=147,27&d=970,250&ss=1280,950&bs=1280,950&mcvt=1002&mtos=0,0,0,1002,1002&tos=0,0,0,1002,0&tfs=902&tls=1904&g=100&h=100&pt=2943&tt=1904&rpt=2943&rst=1569979720934&r=v&adk=626961633&avms=ampa",pagead2.googlesyndication.com,-1,-0.0009765625,image/gif
143,"https://dt.adsafeprotected.com/dt?anId=925660&asId=aa6cf794-a006-912e-3e11-b544824ff8da&tv={c:pPgPmg,time:1037,type:e,env:{ar:5b0c886f-f29f-620d-deb8-2f5864589c97.4},es:0,sc:1,ha:1,gm:1,slTimes:{i:0,o:1037,n:0,pp:0,pm:0},slEvents:[{sl:o,t:206,wc:0.0.1280.950,ac:855.1354.300.100,am:i,cc:855.1354.300.100,piv:0,obst:0,th:0,reas:l,bkn:{piv:[946~0],as:[946~300.100]}}],slEventCount:1,em:true,fr:true,e:,tt:jload,dtt:188,fm:rDHAVfZ+11|12|1311|1312|131311|131312|131313|1314|14|15|16|17|18|19|1a|1b|1c|1d|1e11|1e12|1e13|1e14|1e15|1e16|1e17|1e18|1e19|1e1a|1e1b|1e1c|1e1d|1e1e|1e1f|1e1g|1e1h|1e1i|1e1j|1e1k|1e1l|1e1m|1f11|1g1|1h|1i|1j*.925660|1j1|1k.925660|1k1|1l.925660|1l1|1l2,idMap:1j*,rend:1,renddet:IMG.qs,rmeas:1}&br=c",dt.adsafeprotected.com,-1,-0.0009765625,image/gif
144,"https://dt.adsafeprotected.com/dt?anId=925660&asId=7f9714d9-5500-687a-3262-feacfa2cc1d3&tv={c:pPgPmq,time:1038,type:e,env:{ar:bc778734-9ff8-b6df-fee4-4899641a9462.1},es:0,sc:1,ha:1,gm:1,slTimes:{i:0,o:1038,n:0,pp:0,pm:0},slEvents:[{sl:o,t:482,wc:0.0.1280.950,ac:147.1995.970.250,am:i,cc:147.1995.970.250,piv:0,obst:0,th:0,reas:l,bkn:{piv:[672~0],as:[672~970.250]}}],slEventCount:1,em:true,fr:true,e:,tt:jload,dtt:109,fm:rDHAVg8+11|12|1311|1312|131311|131312|131313|1314|14|15|16|17|18|19|1a|1b|1c|1d|1e11|1e12|1e13|1e14|1e15|1e16|1e17|1e18|1e19|1e1a|1e1b|1e1c|1e1d|1e1e|1e1f|1e1g|1e1h|1e1i|1e1j|1e1k|1e1l|1e1m|1f11|1g1|1h|1i|1j1|1j2|1k*.925660|1k1|1l.925660|1l1|1l2,idMap:1k*,rend:1,renddet:IMG.qs,rmeas:1}&br=c",dt.adsafeprotected.com,-1,-0.0009765625,image/gif
145,"https://dt.adsafeprotected.com/dt?anId=925660&asId=1e289a83-4b0f-73e7-f5ae-b08230db49cc&tv={c:pPgPmx,time:1033,type:e,env:{ar:5b0c886f-f29f-620d-deb8-2f5864589c97.5},es:0,sc:1,ha:1,gm:1,slTimes:{i:0,o:1033,n:0,pp:0,pm:0},slEvents:[{sl:o,t:640,wc:0.0.1280.950,ac:855.2276.300.250,am:i,cc:855.2276.300.250,piv:0,obst:0,th:0,reas:l,bkn:{piv:[496~0],as:[496~300.250]}}],slEventCount:1,em:true,fr:true,e:,tt:jload,dtt:94,fm:rDHAVg8+11|12|1311|1312|131311|131312|131313|1314|14|15|16|17|18|19|1a|1b|1c|1d|1e11|1e12|1e13|1e14|1e15|1e16|1e17|1e18|1e19|1e1a|1e1b|1e1c|1e1d|1e1e|1e1f|1e1g|1e1h|1e1i|1e1j|1e1k|1e1l|1e1m|1f11|1g1|1h|1i|1j1|1j2|1k.925660|1k1|1k2|1l*.925660|1l1|1l2,idMap:1l*,rend:1,renddet:XIFRAME.qs.dr,rmeas:1}&br=c",dt.adsafeprotected.com,-1,-0.0009765625,image/gif
146,"https://dt.adsafeprotected.com/dt?anId=925660&asId=aa6cf794-a006-912e-3e11-b544824ff8da&tv={c:pPgPoG,pingTime:-10,time:1187,type:s,mvn:ZnNjPTEyLHNkPTMsbm89Nyxhc3A9MQ--,fsc:17.4.95v220002022020220000022002222000022220202020222220222220002222022022222200002220222022222222222000220200000022220222220222222222222202222222222222222222222222222222222222200000022022020020000002002202022022022222222000000000020222202022022222000000020000000000000000000020220202220000022200222202220022200200222022202220022222220020222222000220000222202222202222000002002002222222222220022202200222002220222202,sd:MTcuNC45NXY5NTB8fDEyODB8fDF8fDF8fDI0fHw5NTB8fDB8fDB8fDF8fGxhbmRzY2FwZS1wcmltYXJ5fHwyNHx8fHx8fDB8fDEyODA-,no:MTcuNC45NXZNb3ppbGxhfHxOZXRzY2FwZXx8bnx8NHx8bnx8MXx8bnx8V2luMzJ8fEdlY2tvfHwyMDAzMDEwN3x8MjQwfHxNb3ppbGxhLzUuMCAoV2luZG93cyBOVCAxMC4wOyBXaW42NDsgeDY0KSBBcHBsZVdlYktpdC81MzcuMzYgKEtIVE1MLCBsaWtlIEdlY2tvKSBDaHJvbWUvNzcuMC4zODY1LjkwIFNhZmFyaS81MzcuMzZ8fDF8fDF8fEdvb2dsZSBJbmMufHxu,asp:1569979724753||27289e6333a1dfd57161fc0714aafc2b||40d2af28a4c309bbb824dc957af59b11||001949ec672381a145f81e7772b3b11a||bb0c67aebac1d010b3a17298f9320d59||d293f14c4af846e2e9c1671b12e5d9b2||dad27ffbd9c9712118dac8ddc615e2d1||7337e3224c42d994c7a8c4cd63a61c5d||1529428597}",dt.adsafeprotected.com,-1,-0.0009765625,image/gif
147,"https://i.cdn.turner.com/ads/adspaces/CNN/2019/09/18/243577062/LisaLing_Series_S6_Premiere_300x250_Html5TC_10p/tunein_ne_suns_300x250_091419.png",i.cdn.turner.com,-1,-0.0009765625,image/png
148,"https://i.cdn.turner.com/ads/adspaces/CNN/2019/09/18/243577062/LisaLing_Series_S6_Premiere_300x250_Html5TC_10p/show_logo_300x250_091419.png",i.cdn.turner.com,-1,-0.0009765625,image/png
149,"https://i.cdn.turner.com/ads/adspaces/CNN/2019/09/18/243577062/LisaLing_Series_S6_Premiere_300x250_Html5TC_10p/image_lisa_300x250_091419.jpg",i.cdn.turner.com,-1,-0.0009765625,image/jpeg
150,"https://i.cdn.turner.com/ads/adspaces/CNN/2019/09/18/243577062/LisaLing_Series_S6_Premiere_300x250_Html5TC_10p/tagline_300x250_091419.png",i.cdn.turner.com,-1,-0.0009765625,image/png
151,"https://i.cdn.turner.com/ads/adspaces/CNN/2019/09/18/243577062/LisaLing_Series_S6_Premiere_300x250_Html5TC_10p/image_porn_300x250_091419.jpg",i.cdn.turner.com,-1,-0.0009765625,image/jpeg
152,"https://i.cdn.turner.com/ads/adspaces/CNN/2019/09/18/243577062/LisaLing_Series_S6_Premiere_300x250_Html5TC_10p/text_porn_300x250_091419.png",i.cdn.turner.com,-1,-0.0009765625,image/png
153,"https://i.cdn.turner.com/ads/adspaces/CNN/2019/09/18/243577062/LisaLing_Series_S6_Premiere_300x250_Html5TC_10p/arrow_300x250_091419.png",i.cdn.turner.com,-1,-0.0009765625,image/png
154,"https://i.cdn.turner.com/ads/adspaces/CNN/2019/09/18/243577062/LisaLing_Series_S6_Premiere_300x250_Html5TC_10p/search_bar_300x250_091419.png",i.cdn.turner.com,-1,-0.0009765625,image/png
155,"https://i.cdn.turner.com/ads/adspaces/CNN/2019/09/18/243577062/LisaLing_Series_S6_Premiere_300x250_Html5TC_10p/090616_CNN_OS_300x250.png",i.cdn.turner.com,-1,-0.0009765625,image/png
156,"https://ads.pubmatic.com/AdServer/js/showad.js",ads.pubmatic.com,0,0.0,text/html
157,"https://s.amazon-adsystem.com/ecm3?id=EF14FDF0-71F5-4AA7-BD94-B6EBC2091673&ex=pubmatic.com",s.amazon-adsystem.com,43,0.0419921875,image/gif
158,"https://ping.chartbeat.net/ping?h=cnn.com&p=%2F&u=Bx5hfM6dwTdCF69FA&d=cnn.com&g=37612&g0=No%20Section&g1=No%20Author&n=1&f=00001&c=0.51&x=0&m=0&y=5098&o=1263&w=950&j=45&R=0&W=0&I=1&E=9&e=0&r=&b=13051&t=BA_hpoD45MVfDUEh1LDjjnlHC56LlP&V=116&tz=240&sn=3&sv=DPNGXqCcS7MiD5aNtfG7NDVBfjDcS&sd=1&im=067b2ff3&_",ping.chartbeat.net,-1,-0.0009765625,image/gif
159,"https://googleads.g.doubleclick.net/pagead/conversion/?ai=&sigh=BpnfxIaauQU&cid=CAQSOwDwy9IZ8t1msyjCL49JL23pc4woNV5TWGmhaL9qEMW1L2vq4PioyMjKRPClmxbXG-dIHrs6fvc_BVwT&label=window_focus&gqid&qqid=CNe9oc21_OQCFQVgwQodnDQOOQ&fg=1",googleads.g.doubleclick.net,-1,-0.0009765625,text/html
160,"https://ads.pubmatic.com/AdServer/js/showad.js",ads.pubmatic.com,0,0.0,text/html
161,"https://ads.pubmatic.com/AdServer/js/showad.js",ads.pubmatic.com,0,0.0,text/html
162,"https://px.moatads.com/pixel.gif?e=25&q=2&hp=1&wf=0&vb=12&kq=1&lo=0&uk=null&pk=1&wk=1&rk=1&tk=0&qs=1&ak=https%3A%2F%2Ftpc.googlesyndication.com%2Fsimgad%2F13378498144858113483&i=TURNERDFP1&ud=0&qn=%604%7BZEYwoqI%24%5BK%2BdLLU)%2CMm~tM!90vv9L%24%2FoDb%2Fz(lKm3GFlNUU%2Cu%5Bh_GcS%25%5BHvLU%5B4(K%2B%7BgeFWl_%3DNqUXR%3A%3D%2BAxMn%3Ch%2CyenA8p%2FHm%24%60%233P(ry5*ZRocMp1tq%5BN%7Bq%60RP%3CG.ceFW%7CoG%22mxT%3Bwv%40V374BKm55%3D%261fp%5BoU5t)3R*%3Ce%23V%3E%23hEjrXPe31k5X%5BG%5E%5B)%2C2iVSX%3C_Y%7B!7IQ3HbmUZzCFm%5Du!x29&qp=10000&is=hBBnjB7GsBpgqkPY2CEBsCybBqw776Kqi7gBooCvBOCiCOB6sCqGBgiBBs0fW0glMfcxnBBBkB0BYBny6BsNBmB0ziw7pCr6yC6rO24xXmYyBdfEC2BBKcEjzmBktCP97GBBBGwRmmEBBBBBBBBBBBnaBW35CeFaBBBpx0OFiBBBT5392tavKc5KCdzzFs7nBBBBBBBBRcQyRBBBCpjOyBBBBBBBBTLF6GfC6Jn7O0EYkCBB0IofRfBBPCxB76BbjtBbjBC0dL9TRhq8K55G96Lo0eIRTzBiqeuSBBBBBB&iv=7&qt=0&gz=0&hh=0&hn=0&tw=ZL%7C).oE!CT&qc=0&qd=0&qf=1280&qe=950&qh=1366&qg=728&qm=240&qa=1280&qb=950&qi=1280&qj=950&po=1-0020002000002120&vy=ot%24b%5Bh%40%22oDgO%3DLlE6%3Avy%2CUitwbYF%3EeRy6%3A0%3FeS%22%5Bby%3Fa0CR%23J%3B%2Bt.Nm!_vVM%24Y7%2561oA%3CuJ%3BO*zDRd%40IU%5B.%22%24b_o%3FtVD%5D%5BpN%7CQF%40Sy7%7BA&ql=%3B%5BpwxnRd%7Dt%3Aal9EU%22y%2F.D%5B5%2F%5BGI%3Fi6%5EB61%2F%3DSqcMr1%7B%2CTu9LJJ(a.P%2B)s1(uA&qo=0&qr=0&vf=1&vg=75&bq=0&g=3&hq=0&hs=0&hu=0&hr=0&ht=1&dnt=0&h=250&w=970&fy=0&gp=0&zGSRC=1&gu=https%3A%2F%2Fwww.cnn.com%2F&id=1&cm=0&f=0&j=&t=1569979721736&de=752911150405&cu=1569979721736&m=31415&ar=0b3fb4a610-clean&iw=d9c05b1&cb=0&ym=0&ll=2&lm=0&ln=1&r=0&dl=0&dn=-222&gh=1&xx=undefined%3A875484570224&td=1&lk=undefined&lb=5098&le=1&lf=0&lg=0&lh=767&gm=1&io=1&vv=1&vw=1%3A3%3A0&vp=0&vx=0%3A0%3A-&as=0&ag=0&an=0&gf=0&gg=0&ix=0&ic=0&aj=0&pg=0&pf=0&ib=1&cc=0&bw=0&bx=0&dj=0&aa=0&ad=0&cn=0&gk=0&gl=0&ik=0&cq=0&im=0&in=0&pd=0&el=1&em=0&en=1&st=1&su=1&of=1&oz=1&oe=2%3A2%3A0%3Anull%3A-1%3Anull%3A-1%3Anull%3A-1&bu=30371&cd=10396&ah=19104&am=6305&rf=0&re=1&wb=1&cl=0&at=0&d=38386957%3A2602439021%3A5177566745%3A138287920741&bo=%2F8663477%2FCNN%2Fhomepage%2Flanding%2Fsuper-ad-zone&bp=71171677&bd=bnr_btf_01&zMoatPS=bnr_btf_01&zMoatAltSL=zMoatAdUnit1%3AzMoatAdUnit2%3AzMoatPS&gw=turner763610601596&zMoatOrigSlicer1=%2F8663477%2FCNN%2Fhomepage%2Flanding%2Fsuper-ad-zone&zMoatOrigSlicer2=71171677&dfp=0%2C4&la=71171677&zMoatMGV_MAX=na&zMoatMMV_MAX=na&zMoatHT=250&zMoatWD=970&zMoatCURL=cnn.com&zMoatDev=Desktop&zMoatPLATFORM=desktop&zMoatPSB=bnr_btf_01&gptMoat_pos=bnr_btf_01&hv=TURNERDFP1-google_image_div&ab=3&ac=1&fd=1&kt=strict&it=500&fz=1&oq=0&ot=0&zMoatJS=3%3A-&ti=0&ih=1&tc=0&fs=171337&na=751266198&cs=0",px.moatads.com,-1,-0.0009765625,image/gif
163,"https://px.moatads.com/pixel.gif?e=25&q=2&hp=1&wf=0&vb=12&kq=1&lo=2&uk=null&pk=1&wk=1&rk=1&tk=0&qs=1&ak=https%3A%2F%2Ftpc.googlesyndication.com%2Fpagead%2Fimgad%3Fid%3DCICAgKDnk93J9wEQARgBMgiOfzXNJQFvDA&i=TURNERDFP1&ud=0&qn=%604%7BZEYwoqI%24%5BK%2BdLLU)%2CMm~tM!90vv9L%24%2FoDb%2Fz(lKm3GFlNUU%2Cu%5Bh_GcS%25%5BHvLU%5B4(K%2B%7BgeFWl_%3DNqUXR%3A%3D%2BAxMn%3Ch%2CyenA8p%2FHm%24%60%233P(ry5*ZRocMp1tq%5BN%7Bq%60RP%3CG.ceFW%7CoG%22mxT%3Bwv%40V374BKm55%3D%261fp%5BoU5t)3R*%3Ce%23V%3E%23hEjrXPe31k5X%5BG%5E%5B)%2C2iVSX%3C_Y%7B!7IQ3HbmUZzCFm%5Du!x29&qp=10000&is=hBBnjB7GsBpgqkPY2CEBsCybBqw776Kqi7gBooCvBOCiCOB6sCqGBgiBBs0fW0glMfcxnBBBkB0BYBny6BsNBmB0ziw7pCr6yC6rO24xXmYyBdfEC2BBKcEjzmBktCP97GBBBGwRmmEBBBBBBBBBBBnaBW35CeFaBBBpx0OFiBBBT5392tavKc5KCdzzFs7nBBBBBBBBRcQyRBBBCpjOyBBBBBBBBTLF6GfC6Jn7O0EYkCBB0IofRfBBPCxB76BbjtBbjBC0dL9TRhq8K55G96Lo0eIRTzBiqeuSBBBBBB&iv=7&qt=0&gz=0&hh=0&hn=0&tw=ZL%7C).oE!CT&qc=0&qd=0&qf=1280&qe=950&qh=1366&qg=728&qm=240&qa=1280&qb=950&qi=1280&qj=950&po=1-0020002000002120&vy=ot%24b%5Bh%40%22oDgO%3DLlE6%3Avy%2CUitwbYF%3EeRy6%3A0%3FeS%22%5Bby%3Fa0CR%23J%3B%2Bt.Nm!_vVM%24Y7%2561oA%3CuJ%3BO*zDRd%40IU%5B.%22%24b_o%3FtVD%5D%5BpN%7CQF%40Sy7%7BA&ql=%3B%5BpwxnRd%7Dt%3Aal9EU%22y%2F.D%5B5%2F%5BGI%3Fi6%5EB61%2F%3DSqcMr1%7B%2CTu9LJJ(a.P%2B)s1(uA&qo=0&qr=0&vf=1&vg=75&bq=0&g=3&hq=0&hs=0&hu=0&hr=0&ht=1&dnt=0&h=100&w=300&fy=0&gp=0&zGSRC=1&gu=https%3A%2F%2Fwww.cnn.com%2F&id=1&cm=0&f=0&j=&t=1569979721540&de=219245987929&cu=1569979721540&m=33594&ar=0b3fb4a610-clean&iw=d9c05b1&cb=0&ym=0&ll=2&lm=0&ln=1&r=0&dl=0&dn=-222&gh=1&xx=undefined%3A875484570224&td=1&lk=undefined&lb=5098&le=1&lf=0&lg=0&lh=950&gm=1&io=1&vv=1&vw=1%3A3%3A0&vp=0&vx=0%3A0%3A-&as=0&ag=0&an=0&gf=0&gg=0&ix=0&ic=0&aj=0&pg=0&pf=0&ib=1&cc=0&bw=0&bx=0&dj=0&aa=0&ad=0&cn=0&gk=0&gl=0&ik=0&cq=0&im=0&in=0&pd=0&em=0&en=1&st=1&su=1&of=1&oz=1&oe=2%3A2%3A0%3Anull%3A-1%3Anull%3A-1%3Anull%3A-1&bu=30966&cd=11114&ah=18853&am=4931&rf=0&re=1&wb=1&cl=0&at=0&d=38386957%3A2602439021%3A5177566754%3A138289200053&bo=%2F8663477%2FCNN%2Fhomepage&bp=52063237&bd=nfs_btf_01&zMoatPS=nfs_btf_01&zMoatAltSL=zMoatAdUnit1%3AzMoatAdUnit2%3AzMoatPS&gw=turner763610601596&zMoatOrigSlicer1=%2F8663477%2FCNN%2Fhomepage&zMoatOrigSlicer2=52063237&dfp=0%2C4&la=52063237&zMoatMGV_MAX=na&zMoatMMV_MAX=na&zMoatHT=100&zMoatWD=300&zMoatCURL=cnn.com&zMoatDev=Desktop&zMoatPLATFORM=desktop&zMoatPSB=nfs_btf_01&gptMoat_pos=nfs_btf_01&hv=Standard%20Image%20Ad%20finding%20&ab=1&ac=1&fd=1&kt=strict&it=500&oq=0&ot=0&zMoatJS=3%3A-&ti=0&ih=1&tc=0&fs=171337&zid=CICAgKDnk93J9wEQARgBMgiOfzXNJQFvDA&na=283358780&cs=0",px.moatads.com,-1,-0.0009765625,image/gif
164,"https://hbopenbid.pubmatic.com/translator?",hbopenbid.pubmatic.com,-1,-0.0009765625,text/plain
165,"https://as-sec.casalemedia.com/cygnus?v=7&cb=1569979764152&s=185860&r=%7B%22id%22%3A1569979599%2C%22imp%22%3A%5B%7B%22id%22%3A1%2C%22banner%22%3A%7B%22w%22%3A1600%2C%22h%22%3A500%7D%7D%5D%2C%22site%22%3A%7B%22page%22%3A%22https%3A%2F%2Fwww.cnn.com%2F%3Fdeployment%3Dagilityzone%26device%3Ddesktop%22%2C%22ref%22%3A%22%22%2C%22mobile%22%3A0%7D%2C%22source%22%3A%7B%22pchain%22%3A%22869cff86d1c453c1%3A340%22%7D%7D",as-sec.casalemedia.com,-1,-0.0009765625,text/javascript
166,"https://as-sec.casalemedia.com/cygnus?v=7&cb=1569979764154&s=185860&r=%7B%22id%22%3A1569979599%2C%22imp%22%3A%5B%7B%22id%22%3A1%2C%22banner%22%3A%7B%22w%22%3A1920%2C%22h%22%3A480%7D%7D%5D%2C%22site%22%3A%7B%22page%22%3A%22https%3A%2F%2Fwww.cnn.com%2F%3Fdeployment%3Dagilityzone%26device%3Ddesktop%22%2C%22ref%22%3A%22%22%2C%22mobile%22%3A0%7D%2C%22source%22%3A%7B%22pchain%22%3A%22869cff86d1c453c1%3A340%22%7D%7D",as-sec.casalemedia.com,-1,-0.0009765625,text/javascript
167,"https://hbopenbid.pubmatic.com/translator?",hbopenbid.pubmatic.com,-1,-0.0009765625,text/plain
168,"https://hbopenbid.pubmatic.com/translator?",hbopenbid.pubmatic.com,-1,-0.0009765625,text/plain
169,"https://as-sec.casalemedia.com/cygnus?v=7&cb=1569979764163&s=185860&r=%7B%22id%22%3A1569979599%2C%22imp%22%3A%5B%7B%22id%22%3A1%2C%22banner%22%3A%7B%22w%22%3A970%2C%22h%22%3A250%7D%7D%5D%2C%22site%22%3A%7B%22page%22%3A%22https%3A%2F%2Fwww.cnn.com%2F%3Fdeployment%3Dagilityzone%26device%3Ddesktop%22%2C%22ref%22%3A%22%22%2C%22mobile%22%3A0%7D%2C%22source%22%3A%7B%22pchain%22%3A%22869cff86d1c453c1%3A340%22%7D%7D",as-sec.casalemedia.com,-1,-0.0009765625,text/javascript
170,"https://ping.chartbeat.net/ping?h=cnn.com&p=%2F&u=Bx5hfM6dwTdCF69FA&d=cnn.com&g=37612&g0=No%20Section&g1=No%20Author&n=1&f=00001&c=1.01&x=0&m=0&y=5098&o=1263&w=950&j=60&R=0&W=0&I=1&E=9&e=0&r=&b=13051&t=BA_hpoD45MVfDUEh1LDjjnlHC56LlP&V=116&tz=240&sn=4&sv=DPNGXqCcS7MiD5aNtfG7NDVBfjDcS&sd=1&im=067b2ff3&_",ping.chartbeat.net,-1,-0.0009765625,image/gif
171,"https://events.bouncex.net/track.gif/bid_empty?partner=pbm&partner_site_id=410931&deployment=masthead&requested_ad_units=1920x480&request_timestamp=1569979764158&price=NA&deal_id=NA&auction_number=2&ad_unit_id=7&source=ads&campaignid=917423&agent=js&mode=0&websiteid=340&visitid=1569979539705618&deviceid=3673351558690172150&pageviewid=1&sequenceid=12&clienttimestamp=1569979764227&clientapiversion=tag3&device=d",events.bouncex.net,-1,-0.0009765625,image/gif
172,"https://events.bouncex.net/track.gif/bid_none?partner=index&partner_site_id=185860&deployment=masthead&requested_ad_units=1920x480&request_timestamp=1569979764154&deal_id=NA&price=NA&auction_number=2&ad_unit_id=7&source=ads&campaignid=917423&agent=js&mode=0&websiteid=340&visitid=1569979539705618&deviceid=3673351558690172150&pageviewid=1&sequenceid=13&clienttimestamp=1569979764287&clientapiversion=tag3&device=d",events.bouncex.net,-1,-0.0009765625,image/gif
173,"https://events.bouncex.net/track.gif/bid_empty?partner=pbm&partner_site_id=410931&deployment=masthead&requested_ad_units=970x250&request_timestamp=1569979764160&price=NA&deal_id=NA&auction_number=2&ad_unit_id=26&source=ads&campaignid=917423&agent=js&mode=0&websiteid=340&visitid=1569979539705618&deviceid=3673351558690172150&pageviewid=1&sequenceid=14&clienttimestamp=1569979764296&clientapiversion=tag3&device=d",events.bouncex.net,-1,-0.0009765625,image/gif
174,"https://events.bouncex.net/track.gif/bid_empty?partner=pbm&partner_site_id=410931&deployment=masthead&requested_ad_units=1600x500&request_timestamp=1569979764147&price=NA&deal_id=NA&auction_number=2&ad_unit_id=6&source=ads&campaignid=917423&agent=js&mode=0&websiteid=340&visitid=1569979539705618&deviceid=3673351558690172150&pageviewid=1&sequenceid=15&clienttimestamp=1569979764305&clientapiversion=tag3&device=d",events.bouncex.net,-1,-0.0009765625,image/gif
175,"https://events.bouncex.net/track.gif/bid_none?partner=index&partner_site_id=185860&deployment=masthead&requested_ad_units=970x250&request_timestamp=1569979764163&deal_id=NA&price=NA&auction_number=2&ad_unit_id=26&source=ads&campaignid=917423&agent=js&mode=0&websiteid=340&visitid=1569979539705618&deviceid=3673351558690172150&pageviewid=1&sequenceid=16&clienttimestamp=1569979764320&clientapiversion=tag3&device=d",events.bouncex.net,-1,-0.0009765625,image/gif
176,"https://events.bouncex.net/track.gif/bid_none?partner=index&partner_site_id=185860&deployment=masthead&requested_ad_units=1600x500&request_timestamp=1569979764152&deal_id=NA&price=NA&auction_number=2&ad_unit_id=6&source=ads&campaignid=917423&agent=js&mode=0&websiteid=340&visitid=1569979539705618&deviceid=3673351558690172150&pageviewid=1&sequenceid=17&clienttimestamp=1569979764330&clientapiversion=tag3&device=d",events.bouncex.net,-1,-0.0009765625,image/gif
177,"https://cnn.bounceexchange.com/bounce/reloadCampaigns.js?tojQ=function&cts=1569979768148&tzo=240&website_id=340&resolution=1280x950&referrer=&calling_url=https%3A%2F%2Fwww.cnn.com%2F&visit_cookie=%7B%22lp%22%3A%22https%253A%252F%252Fwww.cnn.com%252F%22%2C%22r%22%3A%22%22%7D&cookie=%7B%22v%22%3A%7B%22completed_signup%22%3Afalse%2C%22last_session_vid%22%3A1569979539705618%2C%22session_count%22%3A1%2C%22submitted_underscored%22%3Afalse%2C%22submitted_thepoint%22%3Afalse%2C%22submitted_fareedsglobalbriefing%22%3Afalse%2C%22submitted_resultsarein%22%3Afalse%2C%22submitted_fivethings%22%3Afalse%2C%22submitted_reliablesources%22%3Afalse%2C%22submitted_provokepersuade%22%3Afalse%2C%22submitted_goodstuff%22%3Afalse%2C%22submitted_5cosas%22%3Afalse%2C%22submitted_livevideo%22%3Afalse%2C%22submitted_indiaalerts%22%3Afalse%2C%22submitted_beforethebell%22%3Afalse%7D%2C%22fvt%22%3A1569979539%2C%22vid%22%3A1569979539705618%2C%22ao%22%3A0%2C%22lp%22%3A%22https%253A%252F%252Fwww.cnn.com%252F%22%2C%22as%22%3A0%2C%22vpv%22%3A1%2C%22d%22%3A%22d%22%2C%22r%22%3A%22%22%2C%22cvt%22%3A1569979539%2C%22sid%22%3A17%2C%22gcr%22%3A3%2C%22m%22%3A0%2C%22did%22%3A%223673351558690172150%22%2C%22lvt%22%3A1569979546%2C%22campaigns%22%3A%7B%22917423%22%3A%7B%22lvt%22%3A1569979546%2C%22vv%22%3A1%7D%7D%7D&vars[desktop_ad_visible]=false&vars[mobile_ad_visible]=false&vars[article_page]=false&vars[home_or_section_page]=true&vars[flagship_domain]=true&vars[money_article_page]=false&vars[section_name]=homepage&vars[tos]=true&vars[completed_signup]=false&vars[dfp_exclusion]=false&vars[video_playing]=false&vars[breaking_news_present]=true&vars[money_section_page]=false&vars[max_overlays_reached]=false&vars[spa_event_emitter]=false&vars[money_author]=false&vars[special_article]=false&vars[last_session_vid]=1569979539705618&vars[session_count]=1&vars[backfill_deployment]=masthead&vars[dfp2_detect]=allow&vars[submitted_underscored]=false&vars[submitted_thepoint]=false&vars[submitted_fareedsglobalbriefing]=false&vars[submitted_resultsarein]=false&vars[submitted_fivethings]=false&vars[submitted_reliablesources]=false&vars[submitted_provokepersuade]=false&vars[has_submitted_newsletter]=false&vars[submitted_goodstuff]=false&vars[submitted_5cosas]=false&vars[content_type]=false&vars[submitted_livevideo]=false&vars[submitted_indiaalerts]=false&vars[submitted_beforethebell]=false&vars[endcap_placement_check]=false&cookie_too_large=false&bp=0&etp=[]&pts=&compliance_flag=&dfp[]=4579976368,4577650456,5177566754,4922594300,4577654617&pvid=1&rltype=backfill_deployment&rlname=variable",cnn.bounceexchange.com,-1,-0.0009765625,text/javascript
178,"https://events.bouncex.net/track.gif/reloadcampaigns?reloadcampaigns:customvariables=%7B%22desktop_ad_visible%22%3A%22false%22%2C%22mobile_ad_visible%22%3A%22false%22%2C%22article_page%22%3A%22false%22%2C%22home_or_section_page%22%3A%22true%22%2C%22flagship_domain%22%3A%22true%22%2C%22money_article_page%22%3A%22false%22%2C%22section_name%22%3A%22homepage%22%2C%22tos%22%3A%22true%22%2C%22completed_signup%22%3A%22false%22%2C%22dfp_exclusion%22%3A%22false%22%2C%22video_playing%22%3A%22false%22%2C%22breaking_news_present%22%3A%22true%22%2C%22money_section_page%22%3A%22false%22%2C%22max_overlays_reached%22%3A%22false%22%2C%22spa_event_emitter%22%3A%22false%22%2C%22money_author%22%3A%22false%22%2C%22special_article%22%3A%22false%22%2C%22last_session_vid%22%3A%221569979539705618%22%2C%22session_count%22%3A%221%22%2C%22backfill_deployment%22%3A%22masthead%22%2C%22dfp2_detect%22%3A%22allow%22%2C%22submitted_underscored%22%3A%22false%22%2C%22submitted_thepoint%22%3A%22false%22%2C%22submitted_fareedsglobalbriefing%22%3A%22false%22%2C%22submitted_resultsarein%22%3A%22false%22%2C%22submitted_fivethings%22%3A%22false%22%2C%22submitted_reliablesources%22%3A%22false%22%2C%22submitted_provokepersuade%22%3A%22false%22%2C%22has_submitted_newsletter%22%3A%22false%22%2C%22submitted_goodstuff%22%3A%22false%22%2C%22submitted_5cosas%22%3A%22false%22%2C%22content_type%22%3A%22false%22%2C%22submitted_livevideo%22%3A%22false%22%2C%22submitted_indiaalerts%22%3A%22false%22%2C%22submitted_beforethebell%22%3A%22false%22%2C%22endcap_placement_check%22%3A%22false%22%7D&reloadcampaigns:name=variable&reloadcampaigns:type=backfill_deployment&mode=0&websiteid=340&visitid=1569979539705618&deviceid=3673351558690172150&pageviewid=1&sequenceid=18&clienttimestamp=1569979768150&clientapiversion=tag3&device=d&source=web&agent=user",events.bouncex.net,-1,-0.0009765625,image/gif
179,"https://px.moatads.com/pixel.gif?e=25&q=2&hp=1&wf=0&vb=12&kq=1&lo=1&tr=1&uk=null&pk=1&wk=1&rk=1&tk=0&ni=1&qs=1&ak=https%3A%2F%2Fi.cdn.turner.com%2Fads%2Fadspaces%2FCNN%2F2019%2F09%2F18%2F243577062%2FLisaLing_Series_S6_Premiere_300x250_Html5TC_10p%2Findex.html%3FclickMacro%3Dhttps%3A%2F%2Fadclick.g.doubleclick.net%2Fpcs%2Fclick%25253Fxai%25253DAKAOjssi7GqwIuDzLzjYy6phbgaLHx2XJaP8jNb4u_eCAfkTKTfzWfls2JkM3bLtcXxj5P22Swxl9zM01MlchTAONxQdZ2yvawka_nduCx93eIQUDCG0C71yVX2sG-yLpXv6uQnA-hTkr6vnNXuZDspUL7wHgEJ5huNt8SHJgUy8iqaJmue3Rna9zquOxjBYs2RgN4CzsYbc9Dg6AO2QzzwD2x-_atlmjRSrQYpAOUEDEQu6SzTole7fxicXZtY%252526sig%25253DCg0ArKJSzOjUVc2MjZrsEAE%252526urlfix%25253D1%252526adurl%25253D%26clickTag%3Dhttps%3A%2F%2Fwww.cnncreativemarketing.com%2Fproject%2Fthisislife%2F&i=TURNERDFP1&ud=0&qn=%604%7BZEYwoqI%24%5BK%2BdLLU)%2CMm~tM!90vv9L%24%2FoDb%2Fz(lKm3GFlNUU%2Cu%5Bh_GcS%25%5BHvLU%5B4(K%2B%7BgeFWl_%3DNqUXR%3A%3D%2BAxMn%3Ch%2CyenA8p%2FHm%24%60%233P(ry5*ZRocMp1tq%5BN%7Bq%60RP%3CG.ceFW%7CoG%22mxT%3Bwv%40V374BKm55%3D%261fp%5BoU5t)3R*%3Ce%23V%3E%23hEjrXPe31k5X%5BG%5E%5B)%2C2iVSX%3C_Y%7B!7IQ3HbmUZzCFm%5Du!x29&qp=10000&is=hBBnjB7GsBpgqkPY2CEBsCybBqw776Kqi7gBooCvBOCiCOB6sCqGBgiBBs0fW0glMfcxnBBBkB0BYBny6BsNBmB0ziw7pCr6yC6rO24xXmYyBdfEC2BBKcEjzmBktCP97GBBBGwRmmEBBBBBBBBBBBnaBW35CeFaBBBpx0OFiBBBT5392tavKc5KCdzzFs7nBBBBBBBBRcQyRBBBCpjOyBBBBBBBBTLF6GfC6Jn7O0EYkCBB0IofRfBBPCxB76BbjtBbjBC0dL9TRhq8K55G96Lo0eIRTzBiqeuSBBBBBB&iv=7&qt=0&gz=0&hh=0&hn=0&tw=ZL%7C).oE!CT&qc=0&qd=0&qf=1280&qe=950&qh=1366&qg=728&qm=240&qa=1280&qb=950&qi=1280&qj=950&po=1-0020002000002120&vy=ot%24b%5Bh%40%22oDgO%3DLlE6%3Avy%2CUitwbYF%3EeRy6%3A0%3FeS%22%5Bby%3Fa0CR%23J%3B%2Bt.Nm!_vVM%24Y7%2561oA%3CuJ%3BO*zDRd%40IU%5B.%22%24b_o%3FtVD%5D%5BpN%7CQF%40Sy7%7BA&ql=%3B%5BpwxnRd%7Dt%3Aal9EU%22y%2F.D%5B5%2F%5BGI%3Fi6%5EB61%2F%3DSqcMr1%7B%2CTu9LJJ(a.P%2B)s1(uA&qo=0&qr=0&vf=1&vg=75&bq=0&g=3&hq=0&hs=0&hu=0&hr=0&ht=1&dnt=0&h=250&w=300&fy=0&gp=0&zGSRC=1&gu=https%3A%2F%2Fwww.cnn.com%2F&id=1&cm=0&f=0&j=&t=1569979721997&de=260356862210&cu=1569979721997&m=62148&ar=0b3fb4a610-clean&iw=d9c05b1&cb=0&ym=0&ll=2&lm=0&ln=1&r=0&dl=0&dn=-222&gh=1&xx=undefined%3A875484570224&td=1&lk=undefined&lb=5098&le=1&lf=1&lg=0&lh=496&gm=1&io=1&vv=1&vw=1%3A3%3A0&vp=0&vx=0%3A0%3A-&as=0&ag=0&an=0&gf=0&gg=0&ix=0&ic=0&aj=0&pg=0&pf=0&ib=1&cc=0&bw=0&bx=0&dj=0&aa=0&ad=0&cn=0&gk=0&gl=0&ik=0&cq=0&im=0&in=0&pd=0&em=0&en=1&st=1&su=1&of=1&oz=1&oe=2%3A2%3A0%3Anull%3A-1%3Anull%3A-1%3Anull%3A-1&bu=60602&cd=30594&ah=19418&am=19418&rf=0&re=1&wb=1&cl=0&at=0&d=38386957%3A2602439021%3A5177566760%3A138287785464&bo=%2F8663477%2FCNN%2Fhomepage&bp=52063237&bd=rect_btf_02&zMoatPS=rect_btf_02&zMoatAltSL=zMoatAdUnit1%3AzMoatAdUnit2%3AzMoatPS&gw=turner763610601596&zMoatOrigSlicer1=%2F8663477%2FCNN%2Fhomepage&zMoatOrigSlicer2=52063237&dfp=0%2C4&la=52063237&zMoatMGV_MAX=na&zMoatMMV_MAX=na&zMoatHT=250&zMoatWD=300&zMoatCURL=cnn.com&zMoatDev=Desktop&zMoatPLATFORM=desktop&zMoatPSB=rect_btf_02&gptMoat_pos=rect_btf_02&hv=findIframeAds&ab=2&ac=1&fd=1&kt=strict&it=500&oq=0&ot=0&zMoatJS=3%3A-&ti=0&ih=1&tc=0&fs=171337&na=1211091179&cs=0",px.moatads.com,-1,-0.0009765625,image/gif
180,"https://googleads.g.doubleclick.net/pagead/conversion/?ai=&sigh=BpnfxIaauQU&cid=CAQSOwDwy9IZ8t1msyjCL49JL23pc4woNV5TWGmhaL9qEMW1L2vq4PioyMjKRPClmxbXG-dIHrs6fvc_BVwT&label=window_focus&gqid&qqid=CNe9oc21_OQCFQVgwQodnDQOOQ&fg=1",googleads.g.doubleclick.net,-1,-0.0009765625,text/html
